Entry,Plot,Row,Col,Parent,Cross,sample_id,geno_id,trt_class,Rep,spread_22,spread_23,geno_id_Meng
BB14-8b,114,7,15,13-Mar,blue,na,BB14-8b,check,na,.,.,Entry3
BB14-8b,114,7,16,13-Mar,blue,na,BB14-8b,check,na,.,.,Entry3
BB14-8b,114,7,19,13-Mar,blue,na,BB14-8b,check,na,.,0,Entry3
BB14-8b,114,7,20,13-Mar,blue,na,BB14-8b,check,na,6,8,Entry3
BB14-8b,201,1,30,13-Mar,blue,na,BB14-8b,check,na,.,.,Entry3
BB14-8b,201,1,21,13-Mar,blue,na,BB14-8b,check,na,.,.,Entry3
BB14-8b,201,1,23,13-Mar,blue,na,BB14-8b,check,na,.,.,Entry3
BB14-8b,201,1,24,13-Mar,blue,na,BB14-8b,check,na,.,.,Entry3
BB14-8b,201,1,25,13-Mar,blue,na,BB14-8b,check,na,.,.,Entry3
BB14-8b,201,1,26,13-Mar,blue,na,BB14-8b,check,na,.,.,Entry3
BB14-7p,306,16,6,CT3-08,blue,na,BB14-7p,check,na,.,4,CT3-08
BB14-7p,306,16,9,CT3-08,blue,na,BB14-7p,check,na,.,.,CT3-08
BB14-8b,317,14,12,13-Mar,blue,na,BB14-8b,check,na,.,.,Entry3
BB14-8b,317,14,15,13-Mar,blue,na,BB14-8b,check,na,.,.,Entry3
BB14-7p,415,16,32,CT3-08,blue,na,BB14-7p,check,na,.,.,CT3-08
BB14-7p,415,16,33,CT3-08,blue,na,BB14-7p,check,na,.,.,CT3-08
BB14-7p,415,16,38,CT3-08,blue,na,BB14-7p,check,na,.,.,CT3-08
BB14-8b,417,14,35,13-Mar,blue,na,BB14-8b,check,na,.,.,Entry3
BB14-8b,417,14,39,13-Mar,blue,na,BB14-8b,check,na,.,.,Entry3
BB14-8b,417,14,40,13-Mar,blue,na,BB14-8b,check,na,.,.,Entry3
BB14-1-a,105,5,10,3-13a,green,na,BB14-1-a,check,na,.,.,Entry3
BB14-1-b,106,6,9,3-13b,green,na,BB14-1-b,check,na,3,2,Entry3
BB14-2-a,107,7,8,15-7a,green,na,BB14-2-a,check,na,.,.,Entry8
BB14-2-b,108,8,7,15-7b,green,na,BB14-2-b,check,na,.,5,Entry8
BB14-1-b,203,3,27,3-13b,green,na,BB14-1-b,check,na,.,.,Entry3
BB14-1-a,216,5,34,3-13a,green,na,BB14-1-a,check,na,.,.,Entry3
BB14-1-a,216,5,37,3-13a,green,na,BB14-1-a,check,na,.,.,Entry3
BB14-2-a,219,2,31,15-7a,green,na,BB14-2-a,check,na,.,.,Entry8
BB14-2-a,219,2,36,15-7a,green,na,BB14-2-a,check,na,.,.,Entry8
BB14-2-a,307,17,2,15-7a,green,na,BB14-2-a,check,na,.,.,Entry8
BB14-2-b,314,17,18,15-7b,green,na,BB14-2-b,check,na,.,.,Entry8
BB14-1-a,401,11,26,3-13a,green,na,BB14-1-a,check,na,.,.,Entry3
BB14-1-a,401,11,28,3-13a,green,na,BB14-1-a,check,na,.,.,Entry3
BB14-2-a,402,12,26,15-7a,green,na,BB14-2-a,check,na,.,.,Entry8
BB14-2-b,405,15,26,15-7b,green,na,BB14-2-b,check,na,.,1,Entry8
BB14-1-b,414,17,32,3-13b,green,na,BB14-1-b,check,na,.,.,Entry3
BB14-1-b,414,17,33,3-13b,green,na,BB14-1-b,check,na,.,.,Entry3
BB14-1-b,414,17,37,3-13b,green,na,BB14-1-b,check,na,.,.,Entry3
BB14-1-b,414,17,39,3-13b,green,na,BB14-1-b,check,na,.,6,Entry3
CT3-08,101,1,3,na,na,na,CT3-08,check,na,.,0,CT3-08
CT3-08,101,1,10,na,na,na,CT3-08,check,na,.,.,CT3-08
Vernal,102,2,1,na,na,na,Vernal,check,na,0,3,Vernal
Vernal,102,2,2,na,na,na,Vernal,check,na,0,4,Vernal
Vernal,102,2,3,na,na,na,Vernal,check,na,0,4,Vernal
Vernal,102,2,5,na,na,na,Vernal,check,na,.,.,Vernal
Vernal,102,2,6,na,na,na,Vernal,check,na,.,.,Vernal
BB Ent 3,103,3,3,BB Ent 3 (3-13),na,na,BB Ent 3,check,na,.,.,Entry3
BB Ent 3,103,3,5,BB Ent 3 (3-13),na,na,BB Ent 3,check,na,.,.,Entry3
BB Ent 3,103,3,6,BB Ent 3 (3-13),na,na,BB Ent 3,check,na,.,.,Entry3
BB Ent 3,103,3,7,BB Ent 3 (3-13),na,na,BB Ent 3,check,na,4,5,Entry3
BB Ent 8,104,4,6,BB Ent 8 (15-7),na,na,BB Ent 8,check,na,.,.,Entry8
BB Ent 8,202,2,23,BB Ent 8 (15-7),na,na,BB Ent 8,check,na,0,5,Entry8
BB Ent 8,202,2,28,BB Ent 8 (15-7),na,na,BB Ent 8,check,na,.,.,Entry8
BB Ent 3,205,5,27,BB Ent 3 (3-13),na,na,BB Ent 3,check,na,.,.,Entry3
Vernal,208,8,21,na,na,na,Vernal,check,na,1,3,Vernal
Vernal,208,8,22,na,na,na,Vernal,check,na,3,3,Vernal
Vernal,208,8,23,na,na,na,Vernal,check,na,0,3,Vernal
Vernal,208,8,24,na,na,na,Vernal,check,na,3,2,Vernal
Vernal,208,8,25,na,na,na,Vernal,check,na,3,1,Vernal
Vernal,208,8,26,na,na,na,Vernal,check,na,0,1,Vernal
Vernal,208,8,27,na,na,na,Vernal,check,na,0,1,Vernal
Vernal,208,8,28,na,na,na,Vernal,check,na,6,5,Vernal
Vernal,208,8,29,na,na,na,Vernal,check,na,6,4,Vernal
Vernal,208,8,30,na,na,na,Vernal,check,na,7,7,Vernal
BB Ent 3,308,18,2,BB Ent 3 (3-13),na,na,BB Ent 3,check,na,.,.,Entry3
BB Ent 3,308,18,8,BB Ent 3 (3-13),na,na,BB Ent 3,check,na,.,.,Entry3
CT3-08,318,13,12,na,na,na,CT3-08,check,na,.,.,CT3-08
CT3-08,318,13,14,na,na,na,CT3-08,check,na,4,2,CT3-08
BB Ent 8,319,12,19,BB Ent 8 (15-7),na,na,BB Ent 8,check,na,.,.,Entry8
Vernal,320,11,16,na,na,na,Vernal,check,na,.,.,Vernal
Vernal,320,11,18,na,na,na,Vernal,check,na,0,.,Vernal
Vernal,320,11,12,na,na,na,Vernal,check,na,2,.,Vernal
Vernal,320,11,13,na,na,na,Vernal,check,na,2,7,Vernal
Vernal,320,11,14,na,na,na,Vernal,check,na,.,.,Vernal
Vernal,320,11,15,na,na,na,Vernal,check,na,0,1,Vernal
Vernal,320,11,17,na,na,na,Vernal,check,na,0,2,Vernal
Vernal,320,11,19,na,na,na,Vernal,check,na,5,3,Vernal
Vernal,320,11,20,na,na,na,Vernal,check,na,2,2,Vernal
CT3-08,404,14,27,na,na,na,CT3-08,check,na,.,.,CT3-08
CT3-08,404,14,29,na,na,na,CT3-08,check,na,.,.,CT3-08
Vernal,410,20,21,na,na,na,Vernal,check,na,4,1,Vernal
Vernal,410,20,22,na,na,na,Vernal,check,na,5,3,Vernal
Vernal,410,20,25,na,na,na,Vernal,check,na,.,.,Vernal
Vernal,410,20,27,na,na,na,Vernal,check,na,2,3,Vernal
Vernal,410,20,28,na,na,na,Vernal,check,na,0,0,Vernal
Vernal,410,20,30,na,na,na,Vernal,check,na,3,4,Vernal
BB Ent 3,418,13,32,BB Ent 3 (3-13),na,na,BB Ent 3,check,na,2,6,Entry3
BB Ent 3,418,13,34,BB Ent 3 (3-13),na,na,BB Ent 3,check,na,.,.,Entry3
BB Ent 3,418,13,37,BB Ent 3 (3-13),na,na,BB Ent 3,check,na,.,.,Entry3
BB Ent 3,418,13,38,BB Ent 3 (3-13),na,na,BB Ent 3,check,na,.,.,Entry3
BB Ent 8,419,12,34,BB Ent 8 (15-7),na,na,BB Ent 8,check,na,.,.,Entry8
BB14-4b,110,10,6,15-7,orange,na,BB14-4b,check,na,.,.,Entry8
BB14-4b,412,19,33,15-7,orange,na,BB14-4b,check,na,.,.,Entry8
BB14-4b,412,19,34,15-7,orange,na,BB14-4b,check,na,.,.,Entry8
BB14-11p,117,4,15,CT3-08,pink,na,BB14-11p,check,na,1,.,CT3-08
BB14-11p,117,4,18,CT3-08,pink,na,BB14-11p,check,na,1,.,CT3-08
BB14-12b,118,3,12,13-Mar,pink,na,BB14-12b,check,na,.,.,Entry3
BB14-12b,118,3,13,13-Mar,pink,na,BB14-12b,check,na,.,.,Entry3
BB14-12b,118,3,16,13-Mar,pink,na,BB14-12b,check,na,.,.,Entry3
BB14-12b,118,3,20,13-Mar,pink,na,BB14-12b,check,na,.,.,Entry3
BB14-12b,220,1,39,13-Mar,pink,na,BB14-12b,check,2,10,9,Entry3
BB14-12b,220,1,32,13-Mar,pink,na,BB14-12b,check,na,5,.,Entry3
BB14-12b,220,1,37,13-Mar,pink,na,BB14-12b,check,na,.,.,Entry3
BB14-12b,309,19,8,13-Mar,pink,na,BB14-12b,check,na,.,.,Entry3
BB14-12b,309,19,9,13-Mar,pink,na,BB14-12b,check,na,.,.,Entry3
BB14-12b,309,19,3,13-Mar,pink,na,BB14-12b,check,na,.,.,Entry3
BB14-12b,309,19,4,13-Mar,pink,na,BB14-12b,check,na,.,.,Entry3
BB14-12b,309,19,5,13-Mar,pink,na,BB14-12b,check,na,.,.,Entry3
BB14-12b,309,19,6,13-Mar,pink,na,BB14-12b,check,na,.,.,Entry3
BB14-11p,316,15,12,CT3-08,pink,na,BB14-11p,check,na,.,.,CT3-08
BB14-11p,316,15,19,CT3-08,pink,na,BB14-11p,check,na,.,.,CT3-08
BB14-12b,407,17,21,13-Mar,pink,na,BB14-12b,check,na,.,.,Entry3
BB14-12b,407,17,23,13-Mar,pink,na,BB14-12b,check,na,.,.,Entry3
BB14-12b,407,17,24,13-Mar,pink,na,BB14-12b,check,na,.,.,Entry3
BB14-12b,407,17,25,13-Mar,pink,na,BB14-12b,check,na,.,.,Entry3
BB14-12b,407,17,27,13-Mar,pink,na,BB14-12b,check,na,.,.,Entry3
BB14-11p,413,18,33,CT3-08,pink,na,BB14-11p,check,na,.,.,CT3-08
BB14-11p,413,18,34,CT3-08,pink,na,BB14-11p,check,na,.,.,CT3-08
BB14-11p,413,18,37,CT3-08,pink,na,BB14-11p,check,na,.,.,CT3-08
BB14-14b,120,1,15,13-Mar,red,na,BB14-14b,check,na,.,.,Entry3
BB14-13p,212,9,33,CT3-08,red,na,BB14-13p,check,na,.,.,CT3-08
BB14-13p,212,9,38,CT3-08,red,na,BB14-13p,check,na,.,3,CT3-08
BB14-13p,212,9,39,CT3-08,red,na,BB14-13p,check,na,.,.,CT3-08
BB14-14b,214,7,31,13-Mar,red,na,BB14-14b,check,na,0,9,Entry3
BB14-13p,303,13,4,CT3-08,red,na,BB14-13p,check,na,.,.,CT3-08
BB14-14b,313,18,11,13-Mar,red,na,BB14-14b,check,na,.,.,Entry3
BB14-14b,313,18,19,13-Mar,red,na,BB14-14b,check,na,.,.,Entry3
BB14-14b,406,16,21,13-Mar,red,na,BB14-14b,check,na,.,.,Entry3
BB14-14b,406,16,22,13-Mar,red,na,BB14-14b,check,na,.,.,Entry3
BB14-14b,406,16,26,13-Mar,red,na,BB14-14b,check,na,.,.,Entry3
BB14-14b,406,16,29,13-Mar,red,na,BB14-14b,check,na,.,.,Entry3
BB14-14b,406,16,30,13-Mar,red,na,BB14-14b,check,na,.,.,Entry3
BB14-5p,111,10,16,CT3-08,white,na,BB14-5p,check,na,.,6,CT3-08
BB14-5p,210,10,29,CT3-08,white,na,BB14-5p,check,na,.,.,CT3-08
BB14-5p,210,10,30,CT3-08,white,na,BB14-5p,check,na,.,8,CT3-08
BB14-6b,304,14,2,15-7,white,na,BB14-6b,check,na,.,.,Entry8
BB14-6b,304,14,3,15-7,white,na,BB14-6b,check,na,.,.,Entry8
BB14-6b,304,14,4,15-7,white,na,BB14-6b,check,na,.,.,Entry8
BB14-5p,305,15,2,CT3-08,white,na,BB14-5p,check,na,.,.,CT3-08
BB14-5p,305,15,10,CT3-08,white,na,BB14-5p,check,na,.,.,CT3-08
BB14-6b,416,15,32,15-7,white,na,BB14-6b,check,na,.,.,Entry8
BB14-6b,416,15,33,15-7,white,na,BB14-6b,check,na,.,.,Entry8
BB14-5p,420,11,35,CT3-08,white,na,BB14-5p,check,na,.,.,CT3-08
BB14-5p,420,11,37,CT3-08,white,na,BB14-5p,check,na,.,.,CT3-08
BB14-9p,115,6,14,CT3-08,yellow,na,BB14-9p,check,na,.,.,CT3-08
BB14-9p,115,6,15,CT3-08,yellow,na,BB14-9p,check,na,.,.,CT3-08
BB14-9p,115,6,17,CT3-08,yellow,na,BB14-9p,check,na,.,.,CT3-08
BB14-10b,116,5,13,15-7,yellow,na,BB14-10b,check,na,.,.,Entry8
BB14-10b,116,5,15,15-7,yellow,na,BB14-10b,check,na,.,.,Entry8
BB14-9p,211,10,40,CT3-08,yellow,na,BB14-9p,check,na,.,.,CT3-08
BB14-9p,312,19,13,CT3-08,yellow,na,BB14-9p,check,na,.,.,CT3-08
BB14-9p,312,19,19,CT3-08,yellow,na,BB14-9p,check,na,.,.,CT3-08
BB14-3p,109,9,9,CT3-08,orange,9_9-Cross BB14-3p,9_9-Cross BB14-3p,cross,1,9,10,9_9-Cross BB14-3p
BB14-3p,109,9,8,CT3-08,orange,9_8-Cross BB14-3p,9_8-Cross BB14-3p,cross,1,8,8,9_8-Cross BB14-3p
BB14-3p,109,9,7,CT3-08,orange,9_7-Cross BB14-3p,9_7-Cross BB14-3p,cross,1,6,6,9_7-Cross BB14-3p
BB14-3p,109,9,6,CT3-08,orange,9_6-Cross BB14-3p,9_6-Cross BB14-3p,cross,1,2,.,9_6-Cross BB14-3p
BB14-3p,109,9,5,CT3-08,orange,9_5-Cross BB14-3p,9_5-Cross BB14-3p,cross,1,3,.,9_5-Cross BB14-3p
BB14-3p,109,9,4,CT3-08,orange,9_4-Cross BB14-3p,9_4-Cross BB14-3p,cross,1,8,9,9_4-Cross BB14-3p
BB14-13p,212,9,40,CT3-08,red,9_40-Cross BB14-13p,9_40-Cross BB14-13p,cross,2,0,2,9_40-Cross BB14-13p
BB14-3p,109,9,3,CT3-08,orange,9_3-Cross BB14-3p,9_3-Cross BB14-3p,cross,1,8,9,9_3-Cross BB14-3p
BB14-13p,212,9,37,CT3-08,red,9_37-Cross BB14-13p,9_37-Cross BB14-13p,cross,2,5,2,9_37-Cross BB14-13p
BB14-13p,212,9,36,CT3-08,red,9_36-Cross BB14-13p,9_36-Cross BB14-13p,cross,2,5,.,9_36-Cross BB14-13p
BB14-13p,212,9,35,CT3-08,red,9_35-Cross BB14-13p,9_35-Cross BB14-13p,cross,2,8,8,9_35-Cross BB14-13p
BB14-13p,212,9,34,CT3-08,red,9_34-Cross BB14-13p,9_34-Cross BB14-13p,cross,2,.,.,9_34-Cross BB14-13p
BB14-13p,212,9,32,CT3-08,red,9_32-Cross BB14-13p,9_32-Cross BB14-13p,cross,2,9,9,9_32-Cross BB14-13p
BB14-13p,212,9,31,CT3-08,red,9_31-Cross BB14-13p,9_31-Cross BB14-13p,cross,2,1,5,9_31-Cross BB14-13p
BB14-11p,209,9,30,CT3-08,pink,9_30-Cross BB14-11p,9_30-Cross BB14-11p,cross,2,2,4,9_30-Cross BB14-11p
BB14-3p,109,9,2,CT3-08,orange,9_2-Cross BB14-3p,9_2-Cross BB14-3p,cross,1,8,9,9_2-Cross BB14-3p
BB14-11p,209,9,29,CT3-08,pink,9_29-Cross BB14-11p,9_29-Cross BB14-11p,cross,2,2,6,9_29-Cross BB14-11p
BB14-11p,209,9,28,CT3-08,pink,9_28-Cross BB14-11p,9_28-Cross BB14-11p,cross,2,6,7,9_28-Cross BB14-11p
BB14-11p,209,9,27,CT3-08,pink,9_27-Cross BB14-11p,9_27-Cross BB14-11p,cross,2,0,4,9_27-Cross BB14-11p
BB14-11p,209,9,26,CT3-08,pink,9_26-Cross BB14-11p,9_26-Cross BB14-11p,cross,2,3,6,9_26-Cross BB14-11p
BB14-11p,209,9,25,CT3-08,pink,9_25-Cross BB14-11p,9_25-Cross BB14-11p,cross,2,3,5,9_25-Cross BB14-11p
BB14-11p,209,9,24,CT3-08,pink,9_24-Cross BB14-11p,9_24-Cross BB14-11p,cross,2,6,8,9_24-Cross BB14-11p
BB14-11p,209,9,23,CT3-08,pink,9_23-Cross BB14-11p,9_23-Cross BB14-11p,cross,2,3,2,9_23-Cross BB14-11p
BB14-11p,209,9,22,CT3-08,pink,9_22-Cross BB14-11p,9_22-Cross BB14-11p,cross,2,2,2,9_22-Cross BB14-11p
BB14-11p,209,9,21,CT3-08,pink,9_21-Cross BB14-11p,9_21-Cross BB14-11p,cross,2,4,5,9_21-Cross BB14-11p
BB14-6b,112,9,20,15-7,white,9_20-Cross BB14-6b,9_20-Cross BB14-6b,cross,1,6,9,9_20-Cross BB14-6b
BB14-3p,109,9,1,CT3-08,orange,9_1-Cross BB14-3p,9_1-Cross BB14-3p,cross,1,8,9,9_1-Cross BB14-3p
BB14-6b,112,9,19,15-7,white,9_19-Cross BB14-6b,9_19-Cross BB14-6b,cross,1,5,6,9_19-Cross BB14-6b
BB14-6b,112,9,18,15-7,white,9_18-Cross BB14-6b,9_18-Cross BB14-6b,cross,1,6,8,9_18-Cross BB14-6b
BB14-6b,112,9,17,15-7,white,9_17-Cross BB14-6b,9_17-Cross BB14-6b,cross,1,7,8,9_17-Cross BB14-6b
BB14-6b,112,9,16,15-7,white,9_16-Cross BB14-6b,9_16-Cross BB14-6b,cross,1,9,10,9_16-Cross BB14-6b
BB14-6b,112,9,15,15-7,white,9_15-Cross BB14-6b,9_15-Cross BB14-6b,cross,1,9,10,9_15-Cross BB14-6b
BB14-6b,112,9,14,15-7,white,9_14-Cross BB14-6b,9_14-Cross BB14-6b,cross,1,9,10,9_14-Cross BB14-6b
BB14-6b,112,9,13,15-7,white,9_13-Cross BB14-6b,9_13-Cross BB14-6b,cross,1,3,6,9_13-Cross BB14-6b
BB14-6b,112,9,12,15-7,white,9_12-Cross BB14-6b,9_12-Cross BB14-6b,cross,1,6,8,9_12-Cross BB14-6b
BB14-6b,112,9,11,15-7,white,9_11-Cross BB14-6b,9_11-Cross BB14-6b,cross,1,8,10,9_11-Cross BB14-6b
BB14-3p,109,9,10,CT3-08,orange,9_10-Cross BB14-3p,9_10-Cross BB14-3p,cross,1,5,5,9_10-Cross BB14-3p
BB14-2-b,108,8,9,15-7b,green,8_9-Cross BB14-2-b,8_9-Cross BB14-2-b,cross,1,3,5,8_9-Cross BB14-2-b
BB14-2-b,108,8,8,15-7b,green,8_8-Cross BB14-2-b,8_8-Cross BB14-2-b,cross,1,.,4,8_8-Cross BB14-2-b
BB14-2-b,108,8,6,15-7b,green,8_6-Cross BB14-2-b,8_6-Cross BB14-2-b,cross,1,5,8,8_6-Cross BB14-2-b
BB14-2-b,108,8,5,15-7b,green,8_5-Cross BB14-2-b,8_5-Cross BB14-2-b,cross,1,.,.,8_5-Cross BB14-2-b
BB14-2-b,108,8,4,15-7b,green,8_4-Cross BB14-2-b,8_4-Cross BB14-2-b,cross,1,7,9,8_4-Cross BB14-2-b
BB14-2-b,213,8,40,15-7b,green,8_40-Cross BB14-2-b,8_40-Cross BB14-2-b,cross,2,5,7,8_40-Cross BB14-2-b
BB14-2-b,108,8,3,15-7b,green,8_3-Cross BB14-2-b,8_3-Cross BB14-2-b,cross,1,6,8,8_3-Cross BB14-2-b
BB14-2-b,213,8,39,15-7b,green,8_39-Cross BB14-2-b,8_39-Cross BB14-2-b,cross,2,7,10,8_39-Cross BB14-2-b
BB14-2-b,213,8,38,15-7b,green,8_38-Cross BB14-2-b,8_38-Cross BB14-2-b,cross,2,6,8,8_38-Cross BB14-2-b
BB14-2-b,213,8,37,15-7b,green,8_37-Cross BB14-2-b,8_37-Cross BB14-2-b,cross,2,9,10,8_37-Cross BB14-2-b
BB14-2-b,213,8,36,15-7b,green,8_36-Cross BB14-2-b,8_36-Cross BB14-2-b,cross,2,9,10,8_36-Cross BB14-2-b
BB14-2-b,213,8,35,15-7b,green,8_35-Cross BB14-2-b,8_35-Cross BB14-2-b,cross,2,8,8,8_35-Cross BB14-2-b
BB14-2-b,213,8,34,15-7b,green,8_34-Cross BB14-2-b,8_34-Cross BB14-2-b,cross,2,8,9,8_34-Cross BB14-2-b
BB14-2-b,213,8,33,15-7b,green,8_33-Cross BB14-2-b,8_33-Cross BB14-2-b,cross,2,7,8,8_33-Cross BB14-2-b
BB14-2-b,213,8,32,15-7b,green,8_32-Cross BB14-2-b,8_32-Cross BB14-2-b,cross,2,9,9,8_32-Cross BB14-2-b
BB14-2-b,213,8,31,15-7b,green,8_31-Cross BB14-2-b,8_31-Cross BB14-2-b,cross,2,9,9,8_31-Cross BB14-2-b
BB14-2-b,108,8,2,15-7b,green,8_2-Cross BB14-2-b,8_2-Cross BB14-2-b,cross,1,1,9,8_2-Cross BB14-2-b
BB14-7p,113,8,20,CT3-08,blue,8_20-Cross BB14-7p,8_20-Cross BB14-7p,cross,1,6,8,8_20-Cross BB14-7p
BB14-2-b,108,8,1,15-7b,green,8_1-Cross BB14-2-b,8_1-Cross BB14-2-b,cross,1,5,4,8_1-Cross BB14-2-b
BB14-7p,113,8,19,CT3-08,blue,8_19-Cross BB14-7p,8_19-Cross BB14-7p,cross,1,.,.,8_19-Cross BB14-7p
BB14-7p,113,8,18,CT3-08,blue,8_18-Cross BB14-7p,8_18-Cross BB14-7p,cross,1,2,5,8_18-Cross BB14-7p
BB14-7p,113,8,17,CT3-08,blue,8_17-Cross BB14-7p,8_17-Cross BB14-7p,cross,1,4,6,8_17-Cross BB14-7p
BB14-7p,113,8,16,CT3-08,blue,8_16-Cross BB14-7p,8_16-Cross BB14-7p,cross,1,4,6,8_16-Cross BB14-7p
BB14-7p,113,8,15,CT3-08,blue,8_15-Cross BB14-7p,8_15-Cross BB14-7p,cross,1,3,5,8_15-Cross BB14-7p
BB14-7p,113,8,14,CT3-08,blue,8_14-Cross BB14-7p,8_14-Cross BB14-7p,cross,1,4,.,8_14-Cross BB14-7p
BB14-7p,113,8,13,CT3-08,blue,8_13-Cross BB14-7p,8_13-Cross BB14-7p,cross,1,3,7,8_13-Cross BB14-7p
BB14-7p,113,8,12,CT3-08,blue,8_12-Cross BB14-7p,8_12-Cross BB14-7p,cross,1,3,.,8_12-Cross BB14-7p
BB14-7p,113,8,11,CT3-08,blue,8_11-Cross BB14-7p,8_11-Cross BB14-7p,cross,1,4,9,8_11-Cross BB14-7p
BB14-2-b,108,8,10,15-7b,green,8_10-Cross BB14-2-b,8_10-Cross BB14-2-b,cross,1,2,4,8_10-Cross BB14-2-b
BB14-2-a,107,7,9,15-7a,green,7_9-Cross BB14-2-a,7_9-Cross BB14-2-a,cross,1,6,9,7_9-Cross BB14-2-a
BB14-2-a,107,7,7,15-7a,green,7_7-Cross BB14-2-a,7_7-Cross BB14-2-a,cross,1,9,10,7_7-Cross BB14-2-a
BB14-2-a,107,7,6,15-7a,green,7_6-Cross BB14-2-a,7_6-Cross BB14-2-a,cross,1,6,9,7_6-Cross BB14-2-a
BB14-2-a,107,7,5,15-7a,green,7_5-Cross BB14-2-a,7_5-Cross BB14-2-a,cross,1,7,9,7_5-Cross BB14-2-a
BB14-2-a,107,7,4,15-7a,green,7_4-Cross BB14-2-a,7_4-Cross BB14-2-a,cross,1,6,9,7_4-Cross BB14-2-a
BB14-14b,214,7,40,13-Mar,red,7_40-Cross BB14-14b,7_40-Cross BB14-14b,cross,2,2,4,7_40-Cross BB14-14b
BB14-2-a,107,7,3,15-7a,green,7_3-Cross BB14-2-a,7_3-Cross BB14-2-a,cross,1,6,8,7_3-Cross BB14-2-a
BB14-14b,214,7,39,13-Mar,red,7_39-Cross BB14-14b,7_39-Cross BB14-14b,cross,2,2,6,7_39-Cross BB14-14b
BB14-14b,214,7,38,13-Mar,red,7_38-Cross BB14-14b,7_38-Cross BB14-14b,cross,2,1,3,7_38-Cross BB14-14b
BB14-14b,214,7,37,13-Mar,red,7_37-Cross BB14-14b,7_37-Cross BB14-14b,cross,2,3,5,7_37-Cross BB14-14b
BB14-14b,214,7,36,13-Mar,red,7_36-Cross BB14-14b,7_36-Cross BB14-14b,cross,2,3,3,7_36-Cross BB14-14b
BB14-14b,214,7,35,13-Mar,red,7_35-Cross BB14-14b,7_35-Cross BB14-14b,cross,2,1,1,7_35-Cross BB14-14b
BB14-14b,214,7,34,13-Mar,red,7_34-Cross BB14-14b,7_34-Cross BB14-14b,cross,2,3,.,7_34-Cross BB14-14b
BB14-14b,214,7,33,13-Mar,red,7_33-Cross BB14-14b,7_33-Cross BB14-14b,cross,2,4,3,7_33-Cross BB14-14b
BB14-14b,214,7,32,13-Mar,red,7_32-Cross BB14-14b,7_32-Cross BB14-14b,cross,2,3,3,7_32-Cross BB14-14b
BB14-3p,207,7,30,CT3-08,orange,7_30-Cross BB14-3p,7_30-Cross BB14-3p,cross,2,10,10,7_30-Cross BB14-3p
BB14-2-a,107,7,2,15-7a,green,7_2-Cross BB14-2-a,7_2-Cross BB14-2-a,cross,1,7,9,7_2-Cross BB14-2-a
BB14-3p,207,7,29,CT3-08,orange,7_29-Cross BB14-3p,7_29-Cross BB14-3p,cross,2,1,.,7_29-Cross BB14-3p
BB14-3p,207,7,28,CT3-08,orange,7_28-Cross BB14-3p,7_28-Cross BB14-3p,cross,2,8,9,7_28-Cross BB14-3p
BB14-3p,207,7,27,CT3-08,orange,7_27-Cross BB14-3p,7_27-Cross BB14-3p,cross,2,4,.,7_27-Cross BB14-3p
BB14-3p,207,7,26,CT3-08,orange,7_26-Cross BB14-3p,7_26-Cross BB14-3p,cross,2,4,8,7_26-Cross BB14-3p
BB14-3p,207,7,25,CT3-08,orange,7_25-Cross BB14-3p,7_25-Cross BB14-3p,cross,2,8,9,7_25-Cross BB14-3p
BB14-3p,207,7,24,CT3-08,orange,7_24-Cross BB14-3p,7_24-Cross BB14-3p,cross,2,2,6,7_24-Cross BB14-3p
BB14-3p,207,7,23,CT3-08,orange,7_23-Cross BB14-3p,7_23-Cross BB14-3p,cross,2,6,9,7_23-Cross BB14-3p
BB14-3p,207,7,22,CT3-08,orange,7_22-Cross BB14-3p,7_22-Cross BB14-3p,cross,2,6,9,7_22-Cross BB14-3p
BB14-3p,207,7,21,CT3-08,orange,7_21-Cross BB14-3p,7_21-Cross BB14-3p,cross,2,9,10,7_21-Cross BB14-3p
BB14-2-a,107,7,1,15-7a,green,7_1-Cross BB14-2-a,7_1-Cross BB14-2-a,cross,1,2,7,7_1-Cross BB14-2-a
BB14-8b,114,7,18,13-Mar,blue,7_18-Cross BB14-8b,7_18-Cross BB14-8b,cross,1,4,7,7_18-Cross BB14-8b
BB14-8b,114,7,17,13-Mar,blue,7_17-Cross BB14-8b,7_17-Cross BB14-8b,cross,1,3,6,7_17-Cross BB14-8b
BB14-8b,114,7,14,13-Mar,blue,7_14-Cross BB14-8b,7_14-Cross BB14-8b,cross,1,2,6,7_14-Cross BB14-8b
BB14-8b,114,7,13,13-Mar,blue,7_13-Cross BB14-8b,7_13-Cross BB14-8b,cross,1,4,6,7_13-Cross BB14-8b
BB14-8b,114,7,12,13-Mar,blue,7_12-Cross BB14-8b,7_12-Cross BB14-8b,cross,1,4,7,7_12-Cross BB14-8b
BB14-8b,114,7,11,13-Mar,blue,7_11-Cross BB14-8b,7_11-Cross BB14-8b,cross,1,2,.,7_11-Cross BB14-8b
BB14-2-a,107,7,10,15-7a,green,7_10-Cross BB14-2-a,7_10-Cross BB14-2-a,cross,1,8,10,7_10-Cross BB14-2-a
BB14-1-b,106,6,8,3-13b,green,6_8-Cross BB14-1-b,6_8-Cross BB14-1-b,cross,1,.,.,6_8-Cross BB14-1-b
BB14-1-b,106,6,7,3-13b,green,6_7-Cross BB14-1-b,6_7-Cross BB14-1-b,cross,1,4,9,6_7-Cross BB14-1-b
BB14-1-b,106,6,6,3-13b,green,6_6-Cross BB14-1-b,6_6-Cross BB14-1-b,cross,1,8,9,6_6-Cross BB14-1-b
BB14-1-b,106,6,5,3-13b,green,6_5-Cross BB14-1-b,6_5-Cross BB14-1-b,cross,1,8,8,6_5-Cross BB14-1-b
BB14-1-b,106,6,4,3-13b,green,6_4-Cross BB14-1-b,6_4-Cross BB14-1-b,cross,1,5,9,6_4-Cross BB14-1-b
BB14-6b,215,6,40,15-7,white,6_40-Cross BB14-6b,6_40-Cross BB14-6b,cross,2,6,8,6_40-Cross BB14-6b
BB14-1-b,106,6,3,3-13b,green,6_3-Cross BB14-1-b,6_3-Cross BB14-1-b,cross,1,7,.,6_3-Cross BB14-1-b
BB14-6b,215,6,39,15-7,white,6_39-Cross BB14-6b,6_39-Cross BB14-6b,cross,2,4,8,6_39-Cross BB14-6b
BB14-6b,215,6,38,15-7,white,6_38-Cross BB14-6b,6_38-Cross BB14-6b,cross,2,3,6,6_38-Cross BB14-6b
BB14-6b,215,6,37,15-7,white,6_37-Cross BB14-6b,6_37-Cross BB14-6b,cross,2,3,6,6_37-Cross BB14-6b
BB14-6b,215,6,36,15-7,white,6_36-Cross BB14-6b,6_36-Cross BB14-6b,cross,2,9,9,6_36-Cross BB14-6b
BB14-6b,215,6,35,15-7,white,6_35-Cross BB14-6b,6_35-Cross BB14-6b,cross,2,7,6,6_35-Cross BB14-6b
BB14-6b,215,6,34,15-7,white,6_34-Cross BB14-6b,6_34-Cross BB14-6b,cross,2,6,5,6_34-Cross BB14-6b
BB14-6b,215,6,33,15-7,white,6_33-Cross BB14-6b,6_33-Cross BB14-6b,cross,2,6,5,6_33-Cross BB14-6b
BB14-6b,215,6,32,15-7,white,6_32-Cross BB14-6b,6_32-Cross BB14-6b,cross,2,6,7,6_32-Cross BB14-6b
BB14-6b,215,6,31,15-7,white,6_31-Cross BB14-6b,6_31-Cross BB14-6b,cross,2,5,7,6_31-Cross BB14-6b
BB14-10b,206,6,30,15-7,yellow,6_30-Cross BB14-10b,6_30-Cross BB14-10b,cross,2,6,8,6_30-Cross BB14-10b
BB14-1-b,106,6,2,3-13b,green,6_2-Cross BB14-1-b,6_2-Cross BB14-1-b,cross,1,7,10,6_2-Cross BB14-1-b
BB14-10b,206,6,29,15-7,yellow,6_29-Cross BB14-10b,6_29-Cross BB14-10b,cross,2,2,6,6_29-Cross BB14-10b
BB14-10b,206,6,28,15-7,yellow,6_28-Cross BB14-10b,6_28-Cross BB14-10b,cross,2,7,9,6_28-Cross BB14-10b
BB14-10b,206,6,27,15-7,yellow,6_27-Cross BB14-10b,6_27-Cross BB14-10b,cross,2,1,8,6_27-Cross BB14-10b
BB14-10b,206,6,26,15-7,yellow,6_26-Cross BB14-10b,6_26-Cross BB14-10b,cross,2,1,7,6_26-Cross BB14-10b
BB14-10b,206,6,25,15-7,yellow,6_25-Cross BB14-10b,6_25-Cross BB14-10b,cross,2,5,9,6_25-Cross BB14-10b
BB14-10b,206,6,24,15-7,yellow,6_24-Cross BB14-10b,6_24-Cross BB14-10b,cross,2,6,9,6_24-Cross BB14-10b
BB14-10b,206,6,23,15-7,yellow,6_23-Cross BB14-10b,6_23-Cross BB14-10b,cross,2,6,9,6_23-Cross BB14-10b
BB14-10b,206,6,22,15-7,yellow,6_22-Cross BB14-10b,6_22-Cross BB14-10b,cross,2,8,10,6_22-Cross BB14-10b
BB14-10b,206,6,21,15-7,yellow,6_21-Cross BB14-10b,6_21-Cross BB14-10b,cross,2,8,10,6_21-Cross BB14-10b
BB14-9p,115,6,20,CT3-08,yellow,6_20-Cross BB14-9p,6_20-Cross BB14-9p,cross,1,3,.,6_20-Cross BB14-9p
BB14-1-b,106,6,1,3-13b,green,6_1-Cross BB14-1-b,6_1-Cross BB14-1-b,cross,1,8,9,6_1-Cross BB14-1-b
BB14-9p,115,6,19,CT3-08,yellow,6_19-Cross BB14-9p,6_19-Cross BB14-9p,cross,1,5,7,6_19-Cross BB14-9p
BB14-9p,115,6,18,CT3-08,yellow,6_18-Cross BB14-9p,6_18-Cross BB14-9p,cross,1,5,4,6_18-Cross BB14-9p
BB14-9p,115,6,16,CT3-08,yellow,6_16-Cross BB14-9p,6_16-Cross BB14-9p,cross,1,3,6,6_16-Cross BB14-9p
BB14-9p,115,6,13,CT3-08,yellow,6_13-Cross BB14-9p,6_13-Cross BB14-9p,cross,1,4,6,6_13-Cross BB14-9p
BB14-9p,115,6,12,CT3-08,yellow,6_12-Cross BB14-9p,6_12-Cross BB14-9p,cross,1,5,7,6_12-Cross BB14-9p
BB14-9p,115,6,11,CT3-08,yellow,6_11-Cross BB14-9p,6_11-Cross BB14-9p,cross,1,8,9,6_11-Cross BB14-9p
BB14-1-b,106,6,10,3-13b,green,6_10-Cross BB14-1-b,6_10-Cross BB14-1-b,cross,1,4,6,6_10-Cross BB14-1-b
BB14-1-a,105,5,9,3-13a,green,5_9-Cross BB14-1-a,5_9-Cross BB14-1-a,cross,1,4,6,5_9-Cross BB14-1-a
BB14-1-a,105,5,8,3-13a,green,5_8-Cross BB14-1-a,5_8-Cross BB14-1-a,cross,1,6,9,5_8-Cross BB14-1-a
BB14-1-a,105,5,7,3-13a,green,5_7-Cross BB14-1-a,5_7-Cross BB14-1-a,cross,1,6,10,5_7-Cross BB14-1-a
BB14-1-a,105,5,6,3-13a,green,5_6-Cross BB14-1-a,5_6-Cross BB14-1-a,cross,1,6,10,5_6-Cross BB14-1-a
BB14-1-a,105,5,5,3-13a,green,5_5-Cross BB14-1-a,5_5-Cross BB14-1-a,cross,1,6,8,5_5-Cross BB14-1-a
BB14-1-a,105,5,4,3-13a,green,5_4-Cross BB14-1-a,5_4-Cross BB14-1-a,cross,1,4,6,5_4-Cross BB14-1-a
BB14-1-a,216,5,40,3-13a,green,5_40-Cross BB14-1-a,5_40-Cross BB14-1-a,cross,2,4,5,5_40-Cross BB14-1-a
BB14-1-a,105,5,3,3-13a,green,5_3-Cross BB14-1-a,5_3-Cross BB14-1-a,cross,1,5,8,5_3-Cross BB14-1-a
BB14-1-a,216,5,39,3-13a,green,5_39-Cross BB14-1-a,5_39-Cross BB14-1-a,cross,2,9,10,5_39-Cross BB14-1-a
BB14-1-a,216,5,38,3-13a,green,5_38-Cross BB14-1-a,5_38-Cross BB14-1-a,cross,2,3,6,5_38-Cross BB14-1-a
BB14-1-a,216,5,36,3-13a,green,5_36-Cross BB14-1-a,5_36-Cross BB14-1-a,cross,2,4,7,5_36-Cross BB14-1-a
BB14-1-a,216,5,35,3-13a,green,5_35-Cross BB14-1-a,5_35-Cross BB14-1-a,cross,2,9,10,5_35-Cross BB14-1-a
BB14-1-a,216,5,33,3-13a,green,5_33-Cross BB14-1-a,5_33-Cross BB14-1-a,cross,2,8,9,5_33-Cross BB14-1-a
BB14-1-a,216,5,32,3-13a,green,5_32-Cross BB14-1-a,5_32-Cross BB14-1-a,cross,2,6,9,5_32-Cross BB14-1-a
BB14-1-a,216,5,31,3-13a,green,5_31-Cross BB14-1-a,5_31-Cross BB14-1-a,cross,2,2,.,5_31-Cross BB14-1-a
BB Ent 3,205,5,30,BB Ent 3 (3-13),na,5_30-Parent BB Ent 3,5_30-Parent BB Ent 3,parent,2,7,9,5_30-Parent BB Ent 3
BB14-1-a,105,5,2,3-13a,green,5_2-Cross BB14-1-a,5_2-Cross BB14-1-a,cross,1,9,10,5_2-Cross BB14-1-a
BB Ent 3,205,5,29,BB Ent 3 (3-13),na,5_29-Parent BB Ent 3,5_29-Parent BB Ent 3,parent,2,6,8,5_29-Parent BB Ent 3
BB Ent 3,205,5,28,BB Ent 3 (3-13),na,5_28-Parent BB Ent 3,5_28-Parent BB Ent 3,parent,2,3,8,5_28-Parent BB Ent 3
BB Ent 3,205,5,26,BB Ent 3 (3-13),na,5_26-Parent BB Ent 3,5_26-Parent BB Ent 3,parent,2,3,5,5_26-Parent BB Ent 3
BB Ent 3,205,5,25,BB Ent 3 (3-13),na,5_25-Parent BB Ent 3,5_25-Parent BB Ent 3,parent,2,4,.,5_25-Parent BB Ent 3
BB Ent 3,205,5,24,BB Ent 3 (3-13),na,5_24-Parent BB Ent 3,5_24-Parent BB Ent 3,parent,2,10,10,5_24-Parent BB Ent 3
BB Ent 3,205,5,23,BB Ent 3 (3-13),na,5_23-Parent BB Ent 3,5_23-Parent BB Ent 3,parent,2,5,6,5_23-Parent BB Ent 3
BB Ent 3,205,5,22,BB Ent 3 (3-13),na,5_22-Parent BB Ent 3,5_22-Parent BB Ent 3,parent,2,5,6,5_22-Parent BB Ent 3
BB Ent 3,205,5,21,BB Ent 3 (3-13),na,5_21-Parent BB Ent 3,5_21-Parent BB Ent 3,parent,2,1,5,5_21-Parent BB Ent 3
BB14-10b,116,5,20,15-7,yellow,5_20-Cross BB14-10b,5_20-Cross BB14-10b,cross,1,4,8,5_20-Cross BB14-10b
BB14-1-a,105,5,1,3-13a,green,5_1-Cross BB14-1-a,5_1-Cross BB14-1-a,cross,1,.,.,5_1-Cross BB14-1-a
BB14-10b,116,5,19,15-7,yellow,5_19-Cross BB14-10b,5_19-Cross BB14-10b,cross,1,4,9,5_19-Cross BB14-10b
BB14-10b,116,5,18,15-7,yellow,5_18-Cross BB14-10b,5_18-Cross BB14-10b,cross,1,4,4,5_18-Cross BB14-10b
BB14-10b,116,5,17,15-7,yellow,5_17-Cross BB14-10b,5_17-Cross BB14-10b,cross,1,2,7,5_17-Cross BB14-10b
BB14-10b,116,5,16,15-7,yellow,5_16-Cross BB14-10b,5_16-Cross BB14-10b,cross,1,1,3,5_16-Cross BB14-10b
BB14-10b,116,5,14,15-7,yellow,5_14-Cross BB14-10b,5_14-Cross BB14-10b,cross,1,2,5,5_14-Cross BB14-10b
BB14-10b,116,5,12,15-7,yellow,5_12-Cross BB14-10b,5_12-Cross BB14-10b,cross,1,5,7,5_12-Cross BB14-10b
BB14-10b,116,5,11,15-7,yellow,5_11-Cross BB14-10b,5_11-Cross BB14-10b,cross,1,1,.,5_11-Cross BB14-10b
BB Ent 8,104,4,9,BB Ent 8 (15-7),na,4_9-Parent BB Ent 8,4_9-Parent BB Ent 8,parent,1,8,9,4_9-Parent BB Ent 8
BB Ent 8,104,4,8,BB Ent 8 (15-7),na,4_8-Parent BB Ent 8,4_8-Parent BB Ent 8,parent,1,8,9,4_8-Parent BB Ent 8
BB Ent 8,104,4,7,BB Ent 8 (15-7),na,4_7-Parent BB Ent 8,4_7-Parent BB Ent 8,parent,1,8,10,4_7-Parent BB Ent 8
BB Ent 8,104,4,5,BB Ent 8 (15-7),na,4_5-Parent BB Ent 8,4_5-Parent BB Ent 8,parent,1,2,7,4_5-Parent BB Ent 8
BB Ent 8,104,4,4,BB Ent 8 (15-7),na,4_4-Parent BB Ent 8,4_4-Parent BB Ent 8,parent,1,7,9,4_4-Parent BB Ent 8
BB14-4b,217,4,40,15-7,orange,4_40-Cross BB14-4b,4_40-Cross BB14-4b,cross,2,9,10,4_40-Cross BB14-4b
BB Ent 8,104,4,3,BB Ent 8 (15-7),na,4_3-Parent BB Ent 8,4_3-Parent BB Ent 8,parent,1,4,6,4_3-Parent BB Ent 8
BB14-4b,217,4,39,15-7,orange,4_39-Cross BB14-4b,4_39-Cross BB14-4b,cross,2,2,6,4_39-Cross BB14-4b
BB14-4b,217,4,38,15-7,orange,4_38-Cross BB14-4b,4_38-Cross BB14-4b,cross,2,9,10,4_38-Cross BB14-4b
BB14-4b,217,4,37,15-7,orange,4_37-Cross BB14-4b,4_37-Cross BB14-4b,cross,2,9,10,4_37-Cross BB14-4b
BB14-4b,217,4,36,15-7,orange,4_36-Cross BB14-4b,4_36-Cross BB14-4b,cross,2,9,10,4_36-Cross BB14-4b
BB14-4b,217,4,35,15-7,orange,4_35-Cross BB14-4b,4_35-Cross BB14-4b,cross,2,5,6,4_35-Cross BB14-4b
BB14-4b,217,4,34,15-7,orange,4_34-Cross BB14-4b,4_34-Cross BB14-4b,cross,2,6,9,4_34-Cross BB14-4b
BB14-4b,217,4,33,15-7,orange,4_33-Cross BB14-4b,4_33-Cross BB14-4b,cross,2,4,6,4_33-Cross BB14-4b
BB14-4b,217,4,32,15-7,orange,4_32-Cross BB14-4b,4_32-Cross BB14-4b,cross,2,6,9,4_32-Cross BB14-4b
BB14-4b,217,4,31,15-7,orange,4_31-Cross BB14-4b,4_31-Cross BB14-4b,cross,2,7,8,4_31-Cross BB14-4b
BB14-7p,204,4,30,CT3-08,blue,4_30-Cross BB14-7p,4_30-Cross BB14-7p,cross,2,5,9,4_30-Cross BB14-7p
BB Ent 8,104,4,2,BB Ent 8 (15-7),na,4_2-Parent BB Ent 8,4_2-Parent BB Ent 8,parent,1,4,5,4_2-Parent BB Ent 8
BB14-7p,204,4,29,CT3-08,blue,4_29-Cross BB14-7p,4_29-Cross BB14-7p,cross,2,2,4,4_29-Cross BB14-7p
BB14-7p,204,4,28,CT3-08,blue,4_28-Cross BB14-7p,4_28-Cross BB14-7p,cross,2,6,7,4_28-Cross BB14-7p
BB14-7p,204,4,27,CT3-08,blue,4_27-Cross BB14-7p,4_27-Cross BB14-7p,cross,2,3,5,4_27-Cross BB14-7p
BB14-7p,204,4,26,CT3-08,blue,4_26-Cross BB14-7p,4_26-Cross BB14-7p,cross,2,5,8,4_26-Cross BB14-7p
BB14-7p,204,4,25,CT3-08,blue,4_25-Cross BB14-7p,4_25-Cross BB14-7p,cross,2,5,8,4_25-Cross BB14-7p
BB14-7p,204,4,24,CT3-08,blue,4_24-Cross BB14-7p,4_24-Cross BB14-7p,cross,2,4,4,4_24-Cross BB14-7p
BB14-7p,204,4,23,CT3-08,blue,4_23-Cross BB14-7p,4_23-Cross BB14-7p,cross,2,4,8,4_23-Cross BB14-7p
BB14-7p,204,4,22,CT3-08,blue,4_22-Cross BB14-7p,4_22-Cross BB14-7p,cross,2,5,6,4_22-Cross BB14-7p
BB14-7p,204,4,21,CT3-08,blue,4_21-Cross BB14-7p,4_21-Cross BB14-7p,cross,2,4,6,4_21-Cross BB14-7p
BB14-11p,117,4,20,CT3-08,pink,4_20-Cross BB14-11p,4_20-Cross BB14-11p,cross,1,1,3,4_20-Cross BB14-11p
BB Ent 8,104,4,1,BB Ent 8 (15-7),na,4_1-Parent BB Ent 8,4_1-Parent BB Ent 8,parent,1,1,4,4_1-Parent BB Ent 8
BB14-11p,117,4,19,CT3-08,pink,4_19-Cross BB14-11p,4_19-Cross BB14-11p,cross,1,1,3,4_19-Cross BB14-11p
BB14-11p,117,4,17,CT3-08,pink,4_17-Cross BB14-11p,4_17-Cross BB14-11p,cross,1,2,3,4_17-Cross BB14-11p
BB14-11p,117,4,16,CT3-08,pink,4_16-Cross BB14-11p,4_16-Cross BB14-11p,cross,1,1,2,4_16-Cross BB14-11p
BB14-11p,117,4,14,CT3-08,pink,4_14-Cross BB14-11p,4_14-Cross BB14-11p,cross,1,0,2,4_14-Cross BB14-11p
BB14-11p,117,4,13,CT3-08,pink,4_13-Cross BB14-11p,4_13-Cross BB14-11p,cross,1,2,6,4_13-Cross BB14-11p
BB14-11p,117,4,12,CT3-08,pink,4_12-Cross BB14-11p,4_12-Cross BB14-11p,cross,1,2,4,4_12-Cross BB14-11p
BB14-11p,117,4,11,CT3-08,pink,4_11-Cross BB14-11p,4_11-Cross BB14-11p,cross,1,2,.,4_11-Cross BB14-11p
BB Ent 8,104,4,10,BB Ent 8 (15-7),na,4_10-Parent BB Ent 8,4_10-Parent BB Ent 8,parent,1,8,10,4_10-Parent BB Ent 8
BB Ent 3,103,3,9,BB Ent 3 (3-13),na,3_9-Cross BB Ent 3,3_9-Cross BB Ent 3,cross,1,9,8,3_9-Cross BB Ent 3
BB Ent 3,103,3,8,BB Ent 3 (3-13),na,3_8-Cross BB Ent 3,3_8-Cross BB Ent 3,cross,1,6,8,3_8-Cross BB Ent 3
BB Ent 3,103,3,4,BB Ent 3 (3-13),na,3_4-Cross BB Ent 3,3_4-Cross BB Ent 3,cross,1,4,4,3_4-Cross BB Ent 3
CT3-08,218,3,40,na,na,3_40-Parent CT3-08,3_40-Parent CT3-08,parent,2,0,1,3_40-Parent CT3-08
CT3-08,218,3,39,na,na,3_39-Parent CT3-08,3_39-Parent CT3-08,parent,2,0,1,3_39-Parent CT3-08
CT3-08,218,3,38,na,na,3_38-Parent CT3-08,3_38-Parent CT3-08,parent,2,0,2,3_38-Parent CT3-08
CT3-08,218,3,37,na,na,3_37-Parent CT3-08,3_37-Parent CT3-08,parent,2,3,4,3_37-Parent CT3-08
CT3-08,218,3,36,na,na,3_36-Parent CT3-08,3_36-Parent CT3-08,parent,2,0,3,3_36-Parent CT3-08
CT3-08,218,3,35,na,na,3_35-Parent CT3-08,3_35-Parent CT3-08,parent,2,0,.,3_35-Parent CT3-08
CT3-08,218,3,34,na,na,3_34-Parent CT3-08,3_34-Parent CT3-08,parent,2,0,2,3_34-Parent CT3-08
CT3-08,218,3,33,na,na,3_33-Parent CT3-08,3_33-Parent CT3-08,parent,2,0,.,3_33-Parent CT3-08
CT3-08,218,3,32,na,na,3_32-Parent CT3-08,3_32-Parent CT3-08,parent,2,0,2,3_32-Parent CT3-08
CT3-08,218,3,31,na,na,3_31-Parent CT3-08,3_31-Parent CT3-08,parent,2,0,1,3_31-Parent CT3-08
BB14-1-b,203,3,30,3-13b,green,3_30-Cross BB14-1-b,3_30-Cross BB14-1-b,cross,2,2,5,3_30-Cross BB14-1-b
BB Ent 3,103,3,2,BB Ent 3 (3-13),na,3_2-Cross BB Ent 3,3_2-Cross BB Ent 3,cross,1,10,10,3_2-Cross BB Ent 3
BB14-1-b,203,3,29,3-13b,green,3_29-Cross BB14-1-b,3_29-Cross BB14-1-b,cross,2,6,8,3_29-Cross BB14-1-b
BB14-1-b,203,3,28,3-13b,green,3_28-Cross BB14-1-b,3_28-Cross BB14-1-b,cross,2,8,9,3_28-Cross BB14-1-b
BB14-1-b,203,3,26,3-13b,green,3_26-Cross BB14-1-b,3_26-Cross BB14-1-b,cross,2,9,10,3_26-Cross BB14-1-b
BB14-1-b,203,3,25,3-13b,green,3_25-Cross BB14-1-b,3_25-Cross BB14-1-b,cross,2,5,8,3_25-Cross BB14-1-b
BB14-1-b,203,3,24,3-13b,green,3_24-Cross BB14-1-b,3_24-Cross BB14-1-b,cross,2,10,10,3_24-Cross BB14-1-b
BB14-1-b,203,3,23,3-13b,green,3_23-Cross BB14-1-b,3_23-Cross BB14-1-b,cross,2,2,3,3_23-Cross BB14-1-b
BB14-1-b,203,3,22,3-13b,green,3_22-Cross BB14-1-b,3_22-Cross BB14-1-b,cross,2,8,7,3_22-Cross BB14-1-b
BB14-1-b,203,3,21,3-13b,green,3_21-Cross BB14-1-b,3_21-Cross BB14-1-b,cross,2,3,4,3_21-Cross BB14-1-b
BB Ent 3,103,3,1,BB Ent 3 (3-13),na,3_1-Cross BB Ent 3,3_1-Cross BB Ent 3,cross,1,5,8,3_1-Cross BB Ent 3
BB14-12b,118,3,19,13-Mar,pink,3_19-Cross BB14-12b,3_19-Cross BB14-12b,cross,1,2,4,3_19-Cross BB14-12b
BB14-12b,118,3,18,13-Mar,pink,3_18-Cross BB14-12b,3_18-Cross BB14-12b,cross,1,1,6,3_18-Cross BB14-12b
BB14-12b,118,3,17,13-Mar,pink,3_17-Cross BB14-12b,3_17-Cross BB14-12b,cross,1,.,.,3_17-Cross BB14-12b
BB14-12b,118,3,15,13-Mar,pink,3_15-Cross BB14-12b,3_15-Cross BB14-12b,cross,1,4,7,3_15-Cross BB14-12b
BB14-12b,118,3,14,13-Mar,pink,3_14-Cross BB14-12b,3_14-Cross BB14-12b,cross,1,4,7,3_14-Cross BB14-12b
BB14-12b,118,3,11,13-Mar,pink,3_11-Cross BB14-12b,3_11-Cross BB14-12b,cross,1,4,7,3_11-Cross BB14-12b
BB Ent 3,103,3,10,BB Ent 3 (3-13),na,3_10-Cross BB Ent 3,3_10-Cross BB Ent 3,cross,1,3,7,3_10-Cross BB Ent 3
BB14-1-b,310,20,9,3-13b,green,20_9-Cross BB14-1-b,20_9-Cross BB14-1-b,cross,3,0,.,20_9-Cross BB14-1-b
BB14-1-b,310,20,8,3-13b,green,20_8-Cross BB14-1-b,20_8-Cross BB14-1-b,cross,3,5,7,20_8-Cross BB14-1-b
BB14-1-b,310,20,7,3-13b,green,20_7-Cross BB14-1-b,20_7-Cross BB14-1-b,cross,3,4,7,20_7-Cross BB14-1-b
BB14-1-b,310,20,6,3-13b,green,20_6-Cross BB14-1-b,20_6-Cross BB14-1-b,cross,3,4,8,20_6-Cross BB14-1-b
BB14-1-b,310,20,5,3-13b,green,20_5-Cross BB14-1-b,20_5-Cross BB14-1-b,cross,3,4,10,20_5-Cross BB14-1-b
BB14-1-b,310,20,4,3-13b,green,20_4-Cross BB14-1-b,20_4-Cross BB14-1-b,cross,3,9,10,20_4-Cross BB14-1-b
BB14-3p,411,20,40,CT3-08,orange,20_40-Cross BB14-3p,20_40-Cross BB14-3p,cross,4,8,10,20_40-Cross BB14-3p
BB14-1-b,310,20,3,3-13b,green,20_3-Cross BB14-1-b,20_3-Cross BB14-1-b,cross,3,.,5,20_3-Cross BB14-1-b
BB14-3p,411,20,39,CT3-08,orange,20_39-Cross BB14-3p,20_39-Cross BB14-3p,cross,4,.,.,20_39-Cross BB14-3p
BB14-3p,411,20,38,CT3-08,orange,20_38-Cross BB14-3p,20_38-Cross BB14-3p,cross,4,9,10,20_38-Cross BB14-3p
BB14-3p,411,20,37,CT3-08,orange,20_37-Cross BB14-3p,20_37-Cross BB14-3p,cross,4,7,6,20_37-Cross BB14-3p
BB14-3p,411,20,36,CT3-08,orange,20_36-Cross BB14-3p,20_36-Cross BB14-3p,cross,4,7,5,20_36-Cross BB14-3p
BB14-3p,411,20,35,CT3-08,orange,20_35-Cross BB14-3p,20_35-Cross BB14-3p,cross,4,10,9,20_35-Cross BB14-3p
BB14-3p,411,20,34,CT3-08,orange,20_34-Cross BB14-3p,20_34-Cross BB14-3p,cross,4,5,.,20_34-Cross BB14-3p
BB14-3p,411,20,33,CT3-08,orange,20_33-Cross BB14-3p,20_33-Cross BB14-3p,cross,4,10,9,20_33-Cross BB14-3p
BB14-3p,411,20,32,CT3-08,orange,20_32-Cross BB14-3p,20_32-Cross BB14-3p,cross,4,10,10,20_32-Cross BB14-3p
BB14-3p,411,20,31,CT3-08,orange,20_31-Cross BB14-3p,20_31-Cross BB14-3p,cross,4,8,9,20_31-Cross BB14-3p
BB14-1-b,310,20,2,3-13b,green,20_2-Cross BB14-1-b,20_2-Cross BB14-1-b,cross,3,.,.,20_2-Cross BB14-1-b
Vernal,410,20,29,na,na,20_29-LTCk Vernal,20_29-LTCk Vernal,check,4,4,3,20_29-LTCk Vernal
Vernal,410,20,26,na,na,20_26-LTCk Vernal,20_26-LTCk Vernal,check,4,3,3,20_26-LTCk Vernal
Vernal,410,20,24,na,na,20_24-LTCk Vernal,20_24-LTCk Vernal,check,4,1,3,20_24-LTCk Vernal
Vernal,410,20,23,na,na,20_23-LTCk Vernal,20_23-LTCk Vernal,check,4,6,6,20_23-LTCk Vernal
BB14-3p,311,20,20,CT3-08,orange,20_20-Cross BB14-3p,20_20-Cross BB14-3p,cross,3,8,10,20_20-Cross BB14-3p
BB14-1-b,310,20,1,3-13b,green,20_1-Cross BB14-1-b,20_1-Cross BB14-1-b,cross,3,9,10,20_1-Cross BB14-1-b
BB14-3p,311,20,19,CT3-08,orange,20_19-Cross BB14-3p,20_19-Cross BB14-3p,cross,3,2,.,20_19-Cross BB14-3p
BB14-3p,311,20,18,CT3-08,orange,20_18-Cross BB14-3p,20_18-Cross BB14-3p,cross,3,2,5,20_18-Cross BB14-3p
BB14-3p,311,20,17,CT3-08,orange,20_17-Cross BB14-3p,20_17-Cross BB14-3p,cross,3,6,.,20_17-Cross BB14-3p
BB14-3p,311,20,16,CT3-08,orange,20_16-Cross BB14-3p,20_16-Cross BB14-3p,cross,3,9,10,20_16-Cross BB14-3p
BB14-3p,311,20,15,CT3-08,orange,20_15-Cross BB14-3p,20_15-Cross BB14-3p,cross,3,4,5,20_15-Cross BB14-3p
BB14-3p,311,20,14,CT3-08,orange,20_14-Cross BB14-3p,20_14-Cross BB14-3p,cross,3,10,10,20_14-Cross BB14-3p
BB14-3p,311,20,13,CT3-08,orange,20_13-Cross BB14-3p,20_13-Cross BB14-3p,cross,3,10,10,20_13-Cross BB14-3p
BB14-3p,311,20,12,CT3-08,orange,20_12-Cross BB14-3p,20_12-Cross BB14-3p,cross,3,4,.,20_12-Cross BB14-3p
BB14-3p,311,20,11,CT3-08,orange,20_11-Cross BB14-3p,20_11-Cross BB14-3p,cross,3,4,1,20_11-Cross BB14-3p
BB14-1-b,310,20,10,3-13b,green,20_10-Cross BB14-1-b,20_10-Cross BB14-1-b,cross,3,10,10,20_10-Cross BB14-1-b
Vernal,102,2,9,na,na,2_9-LTCK Vernal,2_9-LTCK Vernal,check,1,5,3,2_9-LTCK Vernal
Vernal,102,2,8,na,na,2_8-LTCK Vernal,2_8-LTCK Vernal,check,1,1,.,2_8-LTCK Vernal
Vernal,102,2,7,na,na,2_7-LTCK Vernal,2_7-LTCK Vernal,check,1,2,2,2_7-LTCK Vernal
Vernal,102,2,4,na,na,2_4-LTCK Vernal,2_4-LTCK Vernal,check,1,1,3,2_4-LTCK Vernal
BB14-2-a,219,2,40,15-7a,green,2_40-Cross BB14-2-a,2_40-Cross BB14-2-a,cross,2,4,9,2_40-Cross BB14-2-a
BB14-2-a,219,2,39,15-7a,green,2_39-Cross BB14-2-a,2_39-Cross BB14-2-a,cross,2,10,10,2_39-Cross BB14-2-a
BB14-2-a,219,2,38,15-7a,green,2_38-Cross BB14-2-a,2_38-Cross BB14-2-a,cross,2,9,10,2_38-Cross BB14-2-a
BB14-2-a,219,2,37,15-7a,green,2_37-Cross BB14-2-a,2_37-Cross BB14-2-a,cross,2,3,8,2_37-Cross BB14-2-a
BB14-2-a,219,2,35,15-7a,green,2_35-Cross BB14-2-a,2_35-Cross BB14-2-a,cross,2,7,9,2_35-Cross BB14-2-a
BB14-2-a,219,2,34,15-7a,green,2_34-Cross BB14-2-a,2_34-Cross BB14-2-a,cross,2,3,6,2_34-Cross BB14-2-a
BB14-2-a,219,2,33,15-7a,green,2_33-Cross BB14-2-a,2_33-Cross BB14-2-a,cross,2,6,8,2_33-Cross BB14-2-a
BB14-2-a,219,2,32,15-7a,green,2_32-Cross BB14-2-a,2_32-Cross BB14-2-a,cross,2,6,8,2_32-Cross BB14-2-a
BB Ent 8,202,2,30,BB Ent 8 (15-7),na,2_30-Cross BB Ent 8,2_30-Cross BB Ent 8,cross,2,6,6,2_30-Cross BB Ent 8
BB Ent 8,202,2,29,BB Ent 8 (15-7),na,2_29-Cross BB Ent 8,2_29-Cross BB Ent 8,cross,2,8,10,2_29-Cross BB Ent 8
BB Ent 8,202,2,27,BB Ent 8 (15-7),na,2_27-Cross BB Ent 8,2_27-Cross BB Ent 8,cross,2,8,10,2_27-Cross BB Ent 8
BB Ent 8,202,2,26,BB Ent 8 (15-7),na,2_26-Cross BB Ent 8,2_26-Cross BB Ent 8,cross,2,8,10,2_26-Cross BB Ent 8
BB Ent 8,202,2,25,BB Ent 8 (15-7),na,2_25-Cross BB Ent 8,2_25-Cross BB Ent 8,cross,2,2,5,2_25-Cross BB Ent 8
BB Ent 8,202,2,24,BB Ent 8 (15-7),na,2_24-Cross BB Ent 8,2_24-Cross BB Ent 8,cross,2,9,10,2_24-Cross BB Ent 8
BB Ent 8,202,2,22,BB Ent 8 (15-7),na,2_22-Cross BB Ent 8,2_22-Cross BB Ent 8,cross,2,9,10,2_22-Cross BB Ent 8
BB Ent 8,202,2,21,BB Ent 8 (15-7),na,2_21-Cross BB Ent 8,2_21-Cross BB Ent 8,cross,2,9,10,2_21-Cross BB Ent 8
BB14-13p,119,2,20,CT3-08,red,2_20-Cross BB14-13p,2_20-Cross BB14-13p,cross,1,2,5,2_20-Cross BB14-13p
BB14-13p,119,2,19,CT3-08,red,2_19-Cross BB14-13p,2_19-Cross BB14-13p,cross,1,2,5,2_19-Cross BB14-13p
BB14-13p,119,2,18,CT3-08,red,2_18-Cross BB14-13p,2_18-Cross BB14-13p,cross,1,2,4,2_18-Cross BB14-13p
BB14-13p,119,2,17,CT3-08,red,2_17-Cross BB14-13p,2_17-Cross BB14-13p,cross,1,5,5,2_17-Cross BB14-13p
BB14-13p,119,2,16,CT3-08,red,2_16-Cross BB14-13p,2_16-Cross BB14-13p,cross,1,1,4,2_16-Cross BB14-13p
BB14-13p,119,2,15,CT3-08,red,2_15-Cross BB14-13p,2_15-Cross BB14-13p,cross,1,2,5,2_15-Cross BB14-13p
BB14-13p,119,2,14,CT3-08,red,2_14-Cross BB14-13p,2_14-Cross BB14-13p,cross,1,0,4,2_14-Cross BB14-13p
BB14-13p,119,2,13,CT3-08,red,2_13-Cross BB14-13p,2_13-Cross BB14-13p,cross,1,1,5,2_13-Cross BB14-13p
BB14-13p,119,2,12,CT3-08,red,2_12-Cross BB14-13p,2_12-Cross BB14-13p,cross,1,4,4,2_12-Cross BB14-13p
BB14-13p,119,2,11,CT3-08,red,2_11-Cross BB14-13p,2_11-Cross BB14-13p,cross,1,1,4,2_11-Cross BB14-13p
Vernal,102,2,10,na,na,2_10-LTCK Vernal,2_10-LTCK Vernal,check,1,4,4,2_10-LTCK Vernal
BB14-12b,309,19,7,13-Mar,pink,19_7-Cross BB14-12b,19_7-Cross BB14-12b,cross,3,2,5,19_7-Cross BB14-12b
BB14-4b,412,19,40,15-7,orange,19_40-Cross BB14-4b,19_40-Cross BB14-4b,cross,4,10,10,19_40-Cross BB14-4b
BB14-4b,412,19,39,15-7,orange,19_39-Cross BB14-4b,19_39-Cross BB14-4b,cross,4,10,10,19_39-Cross BB14-4b
BB14-4b,412,19,38,15-7,orange,19_38-Cross BB14-4b,19_38-Cross BB14-4b,cross,4,9,9,19_38-Cross BB14-4b
BB14-4b,412,19,37,15-7,orange,19_37-Cross BB14-4b,19_37-Cross BB14-4b,cross,4,9,9,19_37-Cross BB14-4b
BB14-4b,412,19,36,15-7,orange,19_36-Cross BB14-4b,19_36-Cross BB14-4b,cross,4,10,10,19_36-Cross BB14-4b
BB14-4b,412,19,35,15-7,orange,19_35-Cross BB14-4b,19_35-Cross BB14-4b,cross,4,9,10,19_35-Cross BB14-4b
BB14-4b,412,19,32,15-7,orange,19_32-Cross BB14-4b,19_32-Cross BB14-4b,cross,4,9,10,19_32-Cross BB14-4b
BB14-4b,412,19,31,15-7,orange,19_31-Cross BB14-4b,19_31-Cross BB14-4b,cross,4,8,10,19_31-Cross BB14-4b
BB14-10b,409,19,30,15-7,yellow,19_30-Cross BB14-10b,19_30-Cross BB14-10b,cross,4,8,9,19_30-Cross BB14-10b
BB14-12b,309,19,2,13-Mar,pink,19_2-Cross BB14-12b,19_2-Cross BB14-12b,cross,3,6,5,19_2-Cross BB14-12b
BB14-10b,409,19,29,15-7,yellow,19_29-Cross BB14-10b,19_29-Cross BB14-10b,cross,4,8,9,19_29-Cross BB14-10b
BB14-10b,409,19,28,15-7,yellow,19_28-Cross BB14-10b,19_28-Cross BB14-10b,cross,4,8,9,19_28-Cross BB14-10b
BB14-10b,409,19,27,15-7,yellow,19_27-Cross BB14-10b,19_27-Cross BB14-10b,cross,4,8,9,19_27-Cross BB14-10b
BB14-10b,409,19,26,15-7,yellow,19_26-Cross BB14-10b,19_26-Cross BB14-10b,cross,4,8,10,19_26-Cross BB14-10b
BB14-10b,409,19,25,15-7,yellow,19_25-Cross BB14-10b,19_25-Cross BB14-10b,cross,4,7,8,19_25-Cross BB14-10b
BB14-10b,409,19,24,15-7,yellow,19_24-Cross BB14-10b,19_24-Cross BB14-10b,cross,4,4,6,19_24-Cross BB14-10b
BB14-10b,409,19,23,15-7,yellow,19_23-Cross BB14-10b,19_23-Cross BB14-10b,cross,4,8,9,19_23-Cross BB14-10b
BB14-10b,409,19,22,15-7,yellow,19_22-Cross BB14-10b,19_22-Cross BB14-10b,cross,4,6,7,19_22-Cross BB14-10b
BB14-10b,409,19,21,15-7,yellow,19_21-Cross BB14-10b,19_21-Cross BB14-10b,cross,4,8,9,19_21-Cross BB14-10b
BB14-9p,312,19,20,CT3-08,yellow,19_20-Cross BB14-9p,19_20-Cross BB14-9p,cross,3,9,9,19_20-Cross BB14-9p
BB14-12b,309,19,1,13-Mar,pink,19_1-Cross BB14-12b,19_1-Cross BB14-12b,cross,3,2,3,19_1-Cross BB14-12b
BB14-9p,312,19,18,CT3-08,yellow,19_18-Cross BB14-9p,19_18-Cross BB14-9p,cross,3,6,6,19_18-Cross BB14-9p
BB14-9p,312,19,17,CT3-08,yellow,19_17-Cross BB14-9p,19_17-Cross BB14-9p,cross,3,8,7,19_17-Cross BB14-9p
BB14-9p,312,19,16,CT3-08,yellow,19_16-Cross BB14-9p,19_16-Cross BB14-9p,cross,3,8,8,19_16-Cross BB14-9p
BB14-9p,312,19,15,CT3-08,yellow,19_15-Cross BB14-9p,19_15-Cross BB14-9p,cross,3,8,6,19_15-Cross BB14-9p
BB14-9p,312,19,14,CT3-08,yellow,19_14-Cross BB14-9p,19_14-Cross BB14-9p,cross,3,6,6,19_14-Cross BB14-9p
BB14-9p,312,19,12,CT3-08,yellow,19_12-Cross BB14-9p,19_12-Cross BB14-9p,cross,3,5,5,19_12-Cross BB14-9p
BB14-9p,312,19,11,CT3-08,yellow,19_11-Cross BB14-9p,19_11-Cross BB14-9p,cross,3,8,7,19_11-Cross BB14-9p
BB14-12b,309,19,10,13-Mar,pink,19_10-Cross BB14-12b,19_10-Cross BB14-12b,cross,3,2,5,19_10-Cross BB14-12b
BB Ent 3,308,18,9,BB Ent 3 (3-13),na,18_9-Cross BB Ent 3,18_9-Cross BB Ent 3,cross,3,7,8,18_9-Cross BB Ent 3
BB Ent 3,308,18,7,BB Ent 3 (3-13),na,18_7-Cross BB Ent 3,18_7-Cross BB Ent 3,cross,3,6,.,18_7-Cross BB Ent 3
BB Ent 3,308,18,6,BB Ent 3 (3-13),na,18_6-Cross BB Ent 3,18_6-Cross BB Ent 3,cross,3,6,8,18_6-Cross BB Ent 3
BB Ent 3,308,18,5,BB Ent 3 (3-13),na,18_5-Cross BB Ent 3,18_5-Cross BB Ent 3,cross,3,6,8,18_5-Cross BB Ent 3
BB Ent 3,308,18,4,BB Ent 3 (3-13),na,18_4-Cross BB Ent 3,18_4-Cross BB Ent 3,cross,3,6,8,18_4-Cross BB Ent 3
BB14-11p,413,18,40,CT3-08,pink,18_40-Cross BB14-11p,18_40-Cross BB14-11p,cross,4,5,.,18_40-Cross BB14-11p
BB Ent 3,308,18,3,BB Ent 3 (3-13),na,18_3-Cross BB Ent 3,18_3-Cross BB Ent 3,cross,3,4,8,18_3-Cross BB Ent 3
BB14-11p,413,18,39,CT3-08,pink,18_39-Cross BB14-11p,18_39-Cross BB14-11p,cross,4,5,.,18_39-Cross BB14-11p
BB14-11p,413,18,38,CT3-08,pink,18_38-Cross BB14-11p,18_38-Cross BB14-11p,cross,4,5,5,18_38-Cross BB14-11p
BB14-11p,413,18,36,CT3-08,pink,18_36-Cross BB14-11p,18_36-Cross BB14-11p,cross,4,2,.,18_36-Cross BB14-11p
BB14-11p,413,18,35,CT3-08,pink,18_35-Cross BB14-11p,18_35-Cross BB14-11p,cross,4,6,8,18_35-Cross BB14-11p
BB14-11p,413,18,32,CT3-08,pink,18_32-Cross BB14-11p,18_32-Cross BB14-11p,cross,4,4,.,18_32-Cross BB14-11p
BB14-11p,413,18,31,CT3-08,pink,18_31-Cross BB14-11p,18_31-Cross BB14-11p,cross,4,4,5,18_31-Cross BB14-11p
BB14-13p,408,18,30,CT3-08,red,18_30-Cross BB14-13p,18_30-Cross BB14-13p,cross,4,1,.,18_30-Cross BB14-13p
BB14-13p,408,18,29,CT3-08,red,18_29-Cross BB14-13p,18_29-Cross BB14-13p,cross,4,5,5,18_29-Cross BB14-13p
BB14-13p,408,18,28,CT3-08,red,18_28-Cross BB14-13p,18_28-Cross BB14-13p,cross,4,2,6,18_28-Cross BB14-13p
BB14-13p,408,18,27,CT3-08,red,18_27-Cross BB14-13p,18_27-Cross BB14-13p,cross,4,2,5,18_27-Cross BB14-13p
BB14-13p,408,18,26,CT3-08,red,18_26-Cross BB14-13p,18_26-Cross BB14-13p,cross,4,4,4,18_26-Cross BB14-13p
BB14-13p,408,18,25,CT3-08,red,18_25-Cross BB14-13p,18_25-Cross BB14-13p,cross,4,4,5,18_25-Cross BB14-13p
BB14-13p,408,18,24,CT3-08,red,18_24-Cross BB14-13p,18_24-Cross BB14-13p,cross,4,2,.,18_24-Cross BB14-13p
BB14-13p,408,18,23,CT3-08,red,18_23-Cross BB14-13p,18_23-Cross BB14-13p,cross,4,1,4,18_23-Cross BB14-13p
BB14-13p,408,18,22,CT3-08,red,18_22-Cross BB14-13p,18_22-Cross BB14-13p,cross,4,5,4,18_22-Cross BB14-13p
BB14-13p,408,18,21,CT3-08,red,18_21-Cross BB14-13p,18_21-Cross BB14-13p,cross,4,3,5,18_21-Cross BB14-13p
BB14-14b,313,18,20,13-Mar,red,18_20-Cross BB14-14b,18_20-Cross BB14-14b,cross,3,3,4,18_20-Cross BB14-14b
BB Ent 3,308,18,1,BB Ent 3 (3-13),na,18_1-Cross BB Ent 3,18_1-Cross BB Ent 3,cross,3,.,.,18_1-Cross BB Ent 3
BB14-14b,313,18,18,13-Mar,red,18_18-Cross BB14-14b,18_18-Cross BB14-14b,cross,3,3,4,18_18-Cross BB14-14b
BB14-14b,313,18,17,13-Mar,red,18_17-Cross BB14-14b,18_17-Cross BB14-14b,cross,3,9,10,18_17-Cross BB14-14b
BB14-14b,313,18,16,13-Mar,red,18_16-Cross BB14-14b,18_16-Cross BB14-14b,cross,3,5,.,18_16-Cross BB14-14b
BB14-14b,313,18,15,13-Mar,red,18_15-Cross BB14-14b,18_15-Cross BB14-14b,cross,3,4,.,18_15-Cross BB14-14b
BB14-14b,313,18,14,13-Mar,red,18_14-Cross BB14-14b,18_14-Cross BB14-14b,cross,3,4,7,18_14-Cross BB14-14b
BB14-14b,313,18,13,13-Mar,red,18_13-Cross BB14-14b,18_13-Cross BB14-14b,cross,3,6,4,18_13-Cross BB14-14b
BB14-14b,313,18,12,13-Mar,red,18_12-Cross BB14-14b,18_12-Cross BB14-14b,cross,3,2,3,18_12-Cross BB14-14b
BB Ent 3,308,18,10,BB Ent 3 (3-13),na,18_10-Cross BB Ent 3,18_10-Cross BB Ent 3,cross,3,6,8,18_10-Cross BB Ent 3
BB14-2-a,307,17,9,15-7a,green,17_9-Cross BB14-2-a,17_9-Cross BB14-2-a,cross,3,2,6,17_9-Cross BB14-2-a
BB14-2-a,307,17,8,15-7a,green,17_8-Cross BB14-2-a,17_8-Cross BB14-2-a,cross,3,7,8,17_8-Cross BB14-2-a
BB14-2-a,307,17,7,15-7a,green,17_7-Cross BB14-2-a,17_7-Cross BB14-2-a,cross,3,7,9,17_7-Cross BB14-2-a
BB14-2-a,307,17,6,15-7a,green,17_6-Cross BB14-2-a,17_6-Cross BB14-2-a,cross,3,8,9,17_6-Cross BB14-2-a
BB14-2-a,307,17,5,15-7a,green,17_5-Cross BB14-2-a,17_5-Cross BB14-2-a,cross,3,8,9,17_5-Cross BB14-2-a
BB14-2-a,307,17,4,15-7a,green,17_4-Cross BB14-2-a,17_4-Cross BB14-2-a,cross,3,8,9,17_4-Cross BB14-2-a
BB14-1-b,414,17,40,3-13b,green,17_40-Cross BB14-1-b,17_40-Cross BB14-1-b,cross,4,.,.,17_40-Cross BB14-1-b
BB14-2-a,307,17,3,15-7a,green,17_3-Cross BB14-2-a,17_3-Cross BB14-2-a,cross,3,7,8,17_3-Cross BB14-2-a
BB14-1-b,414,17,38,3-13b,green,17_38-Cross BB14-1-b,17_38-Cross BB14-1-b,cross,4,.,.,17_38-Cross BB14-1-b
BB14-1-b,414,17,36,3-13b,green,17_36-Cross BB14-1-b,17_36-Cross BB14-1-b,cross,4,9,9,17_36-Cross BB14-1-b
BB14-1-b,414,17,35,3-13b,green,17_35-Cross BB14-1-b,17_35-Cross BB14-1-b,cross,4,10,10,17_35-Cross BB14-1-b
BB14-1-b,414,17,34,3-13b,green,17_34-Cross BB14-1-b,17_34-Cross BB14-1-b,cross,4,.,.,17_34-Cross BB14-1-b
BB14-1-b,414,17,31,3-13b,green,17_31-Cross BB14-1-b,17_31-Cross BB14-1-b,cross,4,8,9,17_31-Cross BB14-1-b
BB14-12b,407,17,30,13-Mar,pink,17_30-Cross BB14-12b,17_30-Cross BB14-12b,cross,4,8,10,17_30-Cross BB14-12b
BB14-12b,407,17,29,13-Mar,pink,17_29-Cross BB14-12b,17_29-Cross BB14-12b,cross,4,6,.,17_29-Cross BB14-12b
BB14-12b,407,17,28,13-Mar,pink,17_28-Cross BB14-12b,17_28-Cross BB14-12b,cross,4,6,8,17_28-Cross BB14-12b
BB14-12b,407,17,26,13-Mar,pink,17_26-Cross BB14-12b,17_26-Cross BB14-12b,cross,4,2,3,17_26-Cross BB14-12b
BB14-12b,407,17,22,13-Mar,pink,17_22-Cross BB14-12b,17_22-Cross BB14-12b,cross,4,1,.,17_22-Cross BB14-12b
BB14-2-b,314,17,20,15-7b,green,17_20-Cross BB14-2-b,17_20-Cross BB14-2-b,cross,3,7,9,17_20-Cross BB14-2-b
BB14-2-a,307,17,1,15-7a,green,17_1-Cross BB14-2-a,17_1-Cross BB14-2-a,cross,3,10,10,17_1-Cross BB14-2-a
BB14-2-b,314,17,19,15-7b,green,17_19-Cross BB14-2-b,17_19-Cross BB14-2-b,cross,3,7,10,17_19-Cross BB14-2-b
BB14-2-b,314,17,17,15-7b,green,17_17-Cross BB14-2-b,17_17-Cross BB14-2-b,cross,3,6,.,17_17-Cross BB14-2-b
BB14-2-b,314,17,16,15-7b,green,17_16-Cross BB14-2-b,17_16-Cross BB14-2-b,cross,3,9,10,17_16-Cross BB14-2-b
BB14-2-b,314,17,15,15-7b,green,17_15-Cross BB14-2-b,17_15-Cross BB14-2-b,cross,3,4,5,17_15-Cross BB14-2-b
BB14-2-b,314,17,14,15-7b,green,17_14-Cross BB14-2-b,17_14-Cross BB14-2-b,cross,3,9,10,17_14-Cross BB14-2-b
BB14-2-b,314,17,13,15-7b,green,17_13-Cross BB14-2-b,17_13-Cross BB14-2-b,cross,3,8,9,17_13-Cross BB14-2-b
BB14-2-b,314,17,12,15-7b,green,17_12-Cross BB14-2-b,17_12-Cross BB14-2-b,cross,3,9,9,17_12-Cross BB14-2-b
BB14-2-b,314,17,11,15-7b,green,17_11-Cross BB14-2-b,17_11-Cross BB14-2-b,cross,3,8,8,17_11-Cross BB14-2-b
BB14-2-a,307,17,10,15-7a,green,17_10-Cross BB14-2-a,17_10-Cross BB14-2-a,cross,3,9,10,17_10-Cross BB14-2-a
BB14-7p,306,16,8,CT3-08,blue,16_8-Cross BB14-7p,16_8-Cross BB14-7p,cross,3,2,2,16_8-Cross BB14-7p
BB14-7p,306,16,7,CT3-08,blue,16_7-Cross BB14-7p,16_7-Cross BB14-7p,cross,3,4,5,16_7-Cross BB14-7p
BB14-7p,306,16,5,CT3-08,blue,16_5-Cross BB14-7p,16_5-Cross BB14-7p,cross,3,1,3,16_5-Cross BB14-7p
BB14-7p,306,16,4,CT3-08,blue,16_4-Cross BB14-7p,16_4-Cross BB14-7p,cross,3,4,6,16_4-Cross BB14-7p
BB14-7p,415,16,40,CT3-08,blue,16_40-Cross BB14-7p,16_40-Cross BB14-7p,cross,4,1,.,16_40-Cross BB14-7p
BB14-7p,306,16,3,CT3-08,blue,16_3-Cross BB14-7p,16_3-Cross BB14-7p,cross,3,2,6,16_3-Cross BB14-7p
BB14-7p,415,16,39,CT3-08,blue,16_39-Cross BB14-7p,16_39-Cross BB14-7p,cross,4,3,5,16_39-Cross BB14-7p
BB14-7p,415,16,37,CT3-08,blue,16_37-Cross BB14-7p,16_37-Cross BB14-7p,cross,4,1,.,16_37-Cross BB14-7p
BB14-7p,415,16,36,CT3-08,blue,16_36-Cross BB14-7p,16_36-Cross BB14-7p,cross,4,1,5,16_36-Cross BB14-7p
BB14-7p,415,16,35,CT3-08,blue,16_35-Cross BB14-7p,16_35-Cross BB14-7p,cross,4,1,.,16_35-Cross BB14-7p
BB14-7p,415,16,34,CT3-08,blue,16_34-Cross BB14-7p,16_34-Cross BB14-7p,cross,4,3,.,16_34-Cross BB14-7p
BB14-7p,415,16,31,CT3-08,blue,16_31-Cross BB14-7p,16_31-Cross BB14-7p,cross,4,4,2,16_31-Cross BB14-7p
BB14-7p,306,16,2,CT3-08,blue,16_2-Cross BB14-7p,16_2-Cross BB14-7p,cross,3,1,0,16_2-Cross BB14-7p
BB14-14b,406,16,28,13-Mar,red,16_28-Cross BB14-14b,16_28-Cross BB14-14b,cross,4,8,9,16_28-Cross BB14-14b
BB14-14b,406,16,27,13-Mar,red,16_27-Cross BB14-14b,16_27-Cross BB14-14b,cross,4,3,7,16_27-Cross BB14-14b
BB14-14b,406,16,25,13-Mar,red,16_25-Cross BB14-14b,16_25-Cross BB14-14b,cross,4,3,8,16_25-Cross BB14-14b
BB14-14b,406,16,24,13-Mar,red,16_24-Cross BB14-14b,16_24-Cross BB14-14b,cross,4,6,7,16_24-Cross BB14-14b
BB14-14b,406,16,23,13-Mar,red,16_23-Cross BB14-14b,16_23-Cross BB14-14b,cross,4,2,8,16_23-Cross BB14-14b
BB14-10b,315,16,20,15-7,yellow,16_20-Cross BB14-10b,16_20-Cross BB14-10b,cross,3,8,8,16_20-Cross BB14-10b
BB14-7p,306,16,1,CT3-08,blue,16_1-Cross BB14-7p,16_1-Cross BB14-7p,cross,3,2,.,16_1-Cross BB14-7p
BB14-10b,315,16,19,15-7,yellow,16_19-Cross BB14-10b,16_19-Cross BB14-10b,cross,3,9,9,16_19-Cross BB14-10b
BB14-10b,315,16,18,15-7,yellow,16_18-Cross BB14-10b,16_18-Cross BB14-10b,cross,3,9,9,16_18-Cross BB14-10b
BB14-10b,315,16,17,15-7,yellow,16_17-Cross BB14-10b,16_17-Cross BB14-10b,cross,3,9,9,16_17-Cross BB14-10b
BB14-10b,315,16,16,15-7,yellow,16_16-Cross BB14-10b,16_16-Cross BB14-10b,cross,3,3,5,16_16-Cross BB14-10b
BB14-10b,315,16,15,15-7,yellow,16_15-Cross BB14-10b,16_15-Cross BB14-10b,cross,3,9,9,16_15-Cross BB14-10b
BB14-10b,315,16,14,15-7,yellow,16_14-Cross BB14-10b,16_14-Cross BB14-10b,cross,3,9,9,16_14-Cross BB14-10b
BB14-10b,315,16,13,15-7,yellow,16_13-Cross BB14-10b,16_13-Cross BB14-10b,cross,3,7,9,16_13-Cross BB14-10b
BB14-10b,315,16,12,15-7,yellow,16_12-Cross BB14-10b,16_12-Cross BB14-10b,cross,3,7,9,16_12-Cross BB14-10b
BB14-10b,315,16,11,15-7,yellow,16_11-Cross BB14-10b,16_11-Cross BB14-10b,cross,3,6,8,16_11-Cross BB14-10b
BB14-7p,306,16,10,CT3-08,blue,16_10-Cross BB14-7p,16_10-Cross BB14-7p,cross,3,6,.,16_10-Cross BB14-7p
BB14-5p,305,15,9,CT3-08,white,15_9-Cross BB14-5p,15_9-Cross BB14-5p,cross,3,8,8,15_9-Cross BB14-5p
BB14-5p,305,15,8,CT3-08,white,15_8-Cross BB14-5p,15_8-Cross BB14-5p,cross,3,6,6,15_8-Cross BB14-5p
BB14-5p,305,15,7,CT3-08,white,15_7-Cross BB14-5p,15_7-Cross BB14-5p,cross,3,6,9,15_7-Cross BB14-5p
BB14-5p,305,15,6,CT3-08,white,15_6-Cross BB14-5p,15_6-Cross BB14-5p,cross,3,6,9,15_6-Cross BB14-5p
BB14-5p,305,15,5,CT3-08,white,15_5-Cross BB14-5p,15_5-Cross BB14-5p,cross,3,6,7,15_5-Cross BB14-5p
BB14-5p,305,15,4,CT3-08,white,15_4-Cross BB14-5p,15_4-Cross BB14-5p,cross,3,8,9,15_4-Cross BB14-5p
BB14-6b,416,15,40,15-7,white,15_40-Cross BB14-6b,15_40-Cross BB14-6b,cross,4,9,10,15_40-Cross BB14-6b
BB14-5p,305,15,3,CT3-08,white,15_3-Cross BB14-5p,15_3-Cross BB14-5p,cross,3,8,9,15_3-Cross BB14-5p
BB14-6b,416,15,39,15-7,white,15_39-Cross BB14-6b,15_39-Cross BB14-6b,cross,4,6,9,15_39-Cross BB14-6b
BB14-6b,416,15,38,15-7,white,15_38-Cross BB14-6b,15_38-Cross BB14-6b,cross,4,.,.,15_38-Cross BB14-6b
BB14-6b,416,15,37,15-7,white,15_37-Cross BB14-6b,15_37-Cross BB14-6b,cross,4,5,8,15_37-Cross BB14-6b
BB14-6b,416,15,36,15-7,white,15_36-Cross BB14-6b,15_36-Cross BB14-6b,cross,4,9,10,15_36-Cross BB14-6b
BB14-6b,416,15,35,15-7,white,15_35-Cross BB14-6b,15_35-Cross BB14-6b,cross,4,8,8,15_35-Cross BB14-6b
BB14-6b,416,15,34,15-7,white,15_34-Cross BB14-6b,15_34-Cross BB14-6b,cross,4,.,.,15_34-Cross BB14-6b
BB14-6b,416,15,31,15-7,white,15_31-Cross BB14-6b,15_31-Cross BB14-6b,cross,4,9,8,15_31-Cross BB14-6b
BB14-2-b,405,15,30,15-7b,green,15_30-Cross BB14-2-b,15_30-Cross BB14-2-b,cross,4,2,5,15_30-Cross BB14-2-b
BB14-2-b,405,15,29,15-7b,green,15_29-Cross BB14-2-b,15_29-Cross BB14-2-b,cross,4,4,9,15_29-Cross BB14-2-b
BB14-2-b,405,15,28,15-7b,green,15_28-Cross BB14-2-b,15_28-Cross BB14-2-b,cross,4,8,9,15_28-Cross BB14-2-b
BB14-2-b,405,15,27,15-7b,green,15_27-Cross BB14-2-b,15_27-Cross BB14-2-b,cross,4,9,10,15_27-Cross BB14-2-b
BB14-2-b,405,15,25,15-7b,green,15_25-Cross BB14-2-b,15_25-Cross BB14-2-b,cross,4,8,8,15_25-Cross BB14-2-b
BB14-2-b,405,15,24,15-7b,green,15_24-Cross BB14-2-b,15_24-Cross BB14-2-b,cross,4,8,9,15_24-Cross BB14-2-b
BB14-2-b,405,15,23,15-7b,green,15_23-Cross BB14-2-b,15_23-Cross BB14-2-b,cross,4,8,9,15_23-Cross BB14-2-b
BB14-2-b,405,15,22,15-7b,green,15_22-Cross BB14-2-b,15_22-Cross BB14-2-b,cross,4,8,8,15_22-Cross BB14-2-b
BB14-2-b,405,15,21,15-7b,green,15_21-Cross BB14-2-b,15_21-Cross BB14-2-b,cross,4,8,9,15_21-Cross BB14-2-b
BB14-11p,316,15,20,CT3-08,pink,15_20-Cross BB14-11p,15_20-Cross BB14-11p,cross,3,2,2,15_20-Cross BB14-11p
BB14-5p,305,15,1,CT3-08,white,15_1-Cross BB14-5p,15_1-Cross BB14-5p,cross,3,6,9,15_1-Cross BB14-5p
BB14-11p,316,15,18,CT3-08,pink,15_18-Cross BB14-11p,15_18-Cross BB14-11p,cross,3,2,3,15_18-Cross BB14-11p
BB14-11p,316,15,17,CT3-08,pink,15_17-Cross BB14-11p,15_17-Cross BB14-11p,cross,3,2,2,15_17-Cross BB14-11p
BB14-11p,316,15,16,CT3-08,pink,15_16-Cross BB14-11p,15_16-Cross BB14-11p,cross,3,2,3,15_16-Cross BB14-11p
BB14-11p,316,15,15,CT3-08,pink,15_15-Cross BB14-11p,15_15-Cross BB14-11p,cross,3,2,3,15_15-Cross BB14-11p
BB14-11p,316,15,14,CT3-08,pink,15_14-Cross BB14-11p,15_14-Cross BB14-11p,cross,3,.,.,15_14-Cross BB14-11p
BB14-11p,316,15,13,CT3-08,pink,15_13-Cross BB14-11p,15_13-Cross BB14-11p,cross,3,4,4,15_13-Cross BB14-11p
BB14-11p,316,15,11,CT3-08,pink,15_11-Cross BB14-11p,15_11-Cross BB14-11p,cross,3,3,4,15_11-Cross BB14-11p
BB14-6b,304,14,9,15-7,white,14_9-Cross BB14-6b,14_9-Cross BB14-6b,cross,3,7,9,14_9-Cross BB14-6b
BB14-6b,304,14,8,15-7,white,14_8-Cross BB14-6b,14_8-Cross BB14-6b,cross,3,8,10,14_8-Cross BB14-6b
BB14-6b,304,14,7,15-7,white,14_7-Cross BB14-6b,14_7-Cross BB14-6b,cross,3,5,4,14_7-Cross BB14-6b
BB14-6b,304,14,6,15-7,white,14_6-Cross BB14-6b,14_6-Cross BB14-6b,cross,3,6,5,14_6-Cross BB14-6b
BB14-6b,304,14,5,15-7,white,14_5-Cross BB14-6b,14_5-Cross BB14-6b,cross,3,7,8,14_5-Cross BB14-6b
BB14-8b,417,14,38,13-Mar,blue,14_38-Cross BB14-8b,14_38-Cross BB14-8b,cross,4,.,.,14_38-Cross BB14-8b
BB14-8b,417,14,37,13-Mar,blue,14_37-Cross BB14-8b,14_37-Cross BB14-8b,cross,4,4,4,14_37-Cross BB14-8b
BB14-8b,417,14,36,13-Mar,blue,14_36-Cross BB14-8b,14_36-Cross BB14-8b,cross,4,2,.,14_36-Cross BB14-8b
BB14-8b,417,14,34,13-Mar,blue,14_34-Cross BB14-8b,14_34-Cross BB14-8b,cross,4,5,6,14_34-Cross BB14-8b
BB14-8b,417,14,33,13-Mar,blue,14_33-Cross BB14-8b,14_33-Cross BB14-8b,cross,4,5,8,14_33-Cross BB14-8b
BB14-8b,417,14,32,13-Mar,blue,14_32-Cross BB14-8b,14_32-Cross BB14-8b,cross,4,.,6,14_32-Cross BB14-8b
BB14-8b,417,14,31,13-Mar,blue,14_31-Cross BB14-8b,14_31-Cross BB14-8b,cross,4,2,.,14_31-Cross BB14-8b
CT3-08,404,14,30,na,na,14_30-Parent CT3-08,14_30-Parent CT3-08,parent,4,3,7,14_30-Parent CT3-08
CT3-08,404,14,28,na,na,14_28-Parent CT3-08,14_28-Parent CT3-08,parent,4,2,2,14_28-Parent CT3-08
CT3-08,404,14,26,na,na,14_26-Parent CT3-08,14_26-Parent CT3-08,parent,4,2,.,14_26-Parent CT3-08
CT3-08,404,14,25,na,na,14_25-Parent CT3-08,14_25-Parent CT3-08,parent,4,4,2,14_25-Parent CT3-08
CT3-08,404,14,24,na,na,14_24-Parent CT3-08,14_24-Parent CT3-08,parent,4,4,4,14_24-Parent CT3-08
CT3-08,404,14,23,na,na,14_23-Parent CT3-08,14_23-Parent CT3-08,parent,4,2,3,14_23-Parent CT3-08
CT3-08,404,14,22,na,na,14_22-Parent CT3-08,14_22-Parent CT3-08,parent,4,2,4,14_22-Parent CT3-08
CT3-08,404,14,21,na,na,14_21-Parent CT3-08,14_21-Parent CT3-08,parent,4,2,3,14_21-Parent CT3-08
BB14-8b,317,14,20,13-Mar,blue,14_20-Cross BB14-8b,14_20-Cross BB14-8b,cross,3,1,3,14_20-Cross BB14-8b
BB14-6b,304,14,1,15-7,white,14_1-Cross BB14-6b,14_1-Cross BB14-6b,cross,3,.,1,14_1-Cross BB14-6b
BB14-8b,317,14,19,13-Mar,blue,14_19-Cross BB14-8b,14_19-Cross BB14-8b,cross,3,5,5,14_19-Cross BB14-8b
BB14-8b,317,14,18,13-Mar,blue,14_18-Cross BB14-8b,14_18-Cross BB14-8b,cross,3,5,4,14_18-Cross BB14-8b
BB14-8b,317,14,17,13-Mar,blue,14_17-Cross BB14-8b,14_17-Cross BB14-8b,cross,3,3,0,14_17-Cross BB14-8b
BB14-8b,317,14,16,13-Mar,blue,14_16-Cross BB14-8b,14_16-Cross BB14-8b,cross,3,2,.,14_16-Cross BB14-8b
BB14-8b,317,14,14,13-Mar,blue,14_14-Cross BB14-8b,14_14-Cross BB14-8b,cross,3,5,5,14_14-Cross BB14-8b
BB14-8b,317,14,13,13-Mar,blue,14_13-Cross BB14-8b,14_13-Cross BB14-8b,cross,3,4,1,14_13-Cross BB14-8b
BB14-8b,317,14,11,13-Mar,blue,14_11-Cross BB14-8b,14_11-Cross BB14-8b,cross,3,.,.,14_11-Cross BB14-8b
BB14-6b,304,14,10,15-7,white,14_10-Cross BB14-6b,14_10-Cross BB14-6b,cross,3,5,8,14_10-Cross BB14-6b
BB14-13p,303,13,9,CT3-08,red,13_9-Cross BB14-13p,13_9-Cross BB14-13p,cross,3,4,6,13_9-Cross BB14-13p
BB14-13p,303,13,8,CT3-08,red,13_8-Cross BB14-13p,13_8-Cross BB14-13p,cross,3,1,6,13_8-Cross BB14-13p
BB14-13p,303,13,7,CT3-08,red,13_7-Cross BB14-13p,13_7-Cross BB14-13p,cross,3,1,7,13_7-Cross BB14-13p
BB14-13p,303,13,6,CT3-08,red,13_6-Cross BB14-13p,13_6-Cross BB14-13p,cross,3,2,7,13_6-Cross BB14-13p
BB14-13p,303,13,5,CT3-08,red,13_5-Cross BB14-13p,13_5-Cross BB14-13p,cross,3,5,8,13_5-Cross BB14-13p
BB Ent 3,418,13,40,BB Ent 3 (3-13),na,13_40-Cross BB Ent 3,13_40-Cross BB Ent 3,cross,4,.,6,13_40-Cross BB Ent 3
BB14-13p,303,13,3,CT3-08,red,13_3-Cross BB14-13p,13_3-Cross BB14-13p,cross,3,4,6,13_3-Cross BB14-13p
BB Ent 3,418,13,39,BB Ent 3 (3-13),na,13_39-Cross BB Ent 3,13_39-Cross BB Ent 3,cross,4,8,9,13_39-Cross BB Ent 3
BB Ent 3,418,13,36,BB Ent 3 (3-13),na,13_36-Cross BB Ent 3,13_36-Cross BB Ent 3,cross,4,4,8,13_36-Cross BB Ent 3
BB Ent 3,418,13,35,BB Ent 3 (3-13),na,13_35-Cross BB Ent 3,13_35-Cross BB Ent 3,cross,4,3,.,13_35-Cross BB Ent 3
BB Ent 3,418,13,33,BB Ent 3 (3-13),na,13_33-Cross BB Ent 3,13_33-Cross BB Ent 3,cross,4,.,.,13_33-Cross BB Ent 3
BB Ent 3,418,13,31,BB Ent 3 (3-13),na,13_31-Cross BB Ent 3,13_31-Cross BB Ent 3,cross,4,8,6,13_31-Cross BB Ent 3
BB14-9p,403,13,30,CT3-08,yellow,13_30-Cross BB14-9p,13_30-Cross BB14-9p,cross,4,.,8,13_30-Cross BB14-9p
BB14-13p,303,13,2,CT3-08,red,13_2-Cross BB14-13p,13_2-Cross BB14-13p,cross,3,1,6,13_2-Cross BB14-13p
BB14-9p,403,13,29,CT3-08,yellow,13_29-Cross BB14-9p,13_29-Cross BB14-9p,cross,4,6,.,13_29-Cross BB14-9p
BB14-9p,403,13,28,CT3-08,yellow,13_28-Cross BB14-9p,13_28-Cross BB14-9p,cross,4,8,9,13_28-Cross BB14-9p
BB14-9p,403,13,27,CT3-08,yellow,13_27-Cross BB14-9p,13_27-Cross BB14-9p,cross,4,2,2,13_27-Cross BB14-9p
BB14-9p,403,13,26,CT3-08,yellow,13_26-Cross BB14-9p,13_26-Cross BB14-9p,cross,4,7,7,13_26-Cross BB14-9p
BB14-9p,403,13,25,CT3-08,yellow,13_25-Cross BB14-9p,13_25-Cross BB14-9p,cross,4,8,9,13_25-Cross BB14-9p
BB14-9p,403,13,24,CT3-08,yellow,13_24-Cross BB14-9p,13_24-Cross BB14-9p,cross,4,10,10,13_24-Cross BB14-9p
BB14-9p,403,13,23,CT3-08,yellow,13_23-Cross BB14-9p,13_23-Cross BB14-9p,cross,4,10,10,13_23-Cross BB14-9p
BB14-9p,403,13,22,CT3-08,yellow,13_22-Cross BB14-9p,13_22-Cross BB14-9p,cross,4,8,9,13_22-Cross BB14-9p
BB14-9p,403,13,21,CT3-08,yellow,13_21-Cross BB14-9p,13_21-Cross BB14-9p,cross,4,10,10,13_21-Cross BB14-9p
CT3-08,318,13,20,na,na,13_20-Parent CT3-08,13_20-Parent CT3-08,parent,3,5,2,13_20-Parent CT3-08
BB14-13p,303,13,1,CT3-08,red,13_1-Cross BB14-13p,13_1-Cross BB14-13p,cross,3,2,7,13_1-Cross BB14-13p
CT3-08,318,13,19,na,na,13_19-Parent CT3-08,13_19-Parent CT3-08,parent,3,4,1,13_19-Parent CT3-08
CT3-08,318,13,18,na,na,13_18-Parent CT3-08,13_18-Parent CT3-08,parent,3,4,1,13_18-Parent CT3-08
CT3-08,318,13,17,na,na,13_17-Parent CT3-08,13_17-Parent CT3-08,parent,3,5,2,13_17-Parent CT3-08
CT3-08,318,13,16,na,na,13_16-Parent CT3-08,13_16-Parent CT3-08,parent,3,5,1,13_16-Parent CT3-08
CT3-08,318,13,15,na,na,13_15-Parent CT3-08,13_15-Parent CT3-08,parent,3,5,3,13_15-Parent CT3-08
CT3-08,318,13,13,na,na,13_13-Parent CT3-08,13_13-Parent CT3-08,parent,3,4,.,13_13-Parent CT3-08
CT3-08,318,13,11,na,na,13_11-Parent CT3-08,13_11-Parent CT3-08,parent,3,1,2,13_11-Parent CT3-08
BB14-13p,303,13,10,CT3-08,red,13_10-Cross BB14-13p,13_10-Cross BB14-13p,cross,3,1,.,13_10-Cross BB14-13p
BB14-1-a,302,12,9,3-13a,green,12_9-Cross BB14-1-a,12_9-Cross BB14-1-a,cross,3,6,9,12_9-Cross BB14-1-a
BB14-1-a,302,12,8,3-13a,green,12_8-Cross BB14-1-a,12_8-Cross BB14-1-a,cross,3,.,3,12_8-Cross BB14-1-a
BB14-1-a,302,12,7,3-13a,green,12_7-Cross BB14-1-a,12_7-Cross BB14-1-a,cross,3,5,8,12_7-Cross BB14-1-a
BB14-1-a,302,12,6,3-13a,green,12_6-Cross BB14-1-a,12_6-Cross BB14-1-a,cross,3,6,8,12_6-Cross BB14-1-a
BB14-1-a,302,12,5,3-13a,green,12_5-Cross BB14-1-a,12_5-Cross BB14-1-a,cross,3,8,8,12_5-Cross BB14-1-a
BB14-1-a,302,12,4,3-13a,green,12_4-Cross BB14-1-a,12_4-Cross BB14-1-a,cross,3,5,8,12_4-Cross BB14-1-a
BB Ent 8,419,12,40,BB Ent 8 (15-7),na,12_40-Parent BB Ent 8,12_40-Parent BB Ent 8,parent,4,10,10,12_40-Parent BB Ent 8
BB14-1-a,302,12,3,3-13a,green,12_3-Cross BB14-1-a,12_3-Cross BB14-1-a,cross,3,8,9,12_3-Cross BB14-1-a
BB Ent 8,419,12,39,BB Ent 8 (15-7),na,12_39-Parent BB Ent 8,12_39-Parent BB Ent 8,parent,4,9,10,12_39-Parent BB Ent 8
BB Ent 8,419,12,38,BB Ent 8 (15-7),na,12_38-Parent BB Ent 8,12_38-Parent BB Ent 8,parent,4,7,8,12_38-Parent BB Ent 8
BB Ent 8,419,12,37,BB Ent 8 (15-7),na,12_37-Parent BB Ent 8,12_37-Parent BB Ent 8,parent,4,8,10,12_37-Parent BB Ent 8
BB Ent 8,419,12,36,BB Ent 8 (15-7),na,12_36-Parent BB Ent 8,12_36-Parent BB Ent 8,parent,4,7,9,12_36-Parent BB Ent 8
BB Ent 8,419,12,35,BB Ent 8 (15-7),na,12_35-Parent BB Ent 8,12_35-Parent BB Ent 8,parent,4,10,10,12_35-Parent BB Ent 8
BB Ent 8,419,12,33,BB Ent 8 (15-7),na,12_33-Parent BB Ent 8,12_33-Parent BB Ent 8,parent,4,4,9,12_33-Parent BB Ent 8
BB Ent 8,419,12,32,BB Ent 8 (15-7),na,12_32-Parent BB Ent 8,12_32-Parent BB Ent 8,parent,4,8,9,12_32-Parent BB Ent 8
BB Ent 8,419,12,31,BB Ent 8 (15-7),na,12_31-Parent BB Ent 8,12_31-Parent BB Ent 8,parent,4,1,.,12_31-Parent BB Ent 8
BB14-2-a,402,12,30,15-7a,green,12_30-Cross BB14-2-a,12_30-Cross BB14-2-a,cross,4,9,10,12_30-Cross BB14-2-a
BB14-1-a,302,12,2,3-13a,green,12_2-Cross BB14-1-a,12_2-Cross BB14-1-a,cross,3,8,9,12_2-Cross BB14-1-a
BB14-2-a,402,12,29,15-7a,green,12_29-Cross BB14-2-a,12_29-Cross BB14-2-a,cross,4,6,8,12_29-Cross BB14-2-a
BB14-2-a,402,12,28,15-7a,green,12_28-Cross BB14-2-a,12_28-Cross BB14-2-a,cross,4,3,9,12_28-Cross BB14-2-a
BB14-2-a,402,12,27,15-7a,green,12_27-Cross BB14-2-a,12_27-Cross BB14-2-a,cross,4,8,10,12_27-Cross BB14-2-a
BB14-2-a,402,12,25,15-7a,green,12_25-Cross BB14-2-a,12_25-Cross BB14-2-a,cross,4,9,10,12_25-Cross BB14-2-a
BB14-2-a,402,12,24,15-7a,green,12_24-Cross BB14-2-a,12_24-Cross BB14-2-a,cross,4,4,9,12_24-Cross BB14-2-a
BB14-2-a,402,12,23,15-7a,green,12_23-Cross BB14-2-a,12_23-Cross BB14-2-a,cross,4,2,8,12_23-Cross BB14-2-a
BB14-2-a,402,12,22,15-7a,green,12_22-Cross BB14-2-a,12_22-Cross BB14-2-a,cross,4,8,9,12_22-Cross BB14-2-a
BB14-2-a,402,12,21,15-7a,green,12_21-Cross BB14-2-a,12_21-Cross BB14-2-a,cross,4,8,8,12_21-Cross BB14-2-a
BB Ent 8,319,12,20,BB Ent 8 (15-7),na,12_20-Parent BB Ent 8,12_20-Parent BB Ent 8,parent,3,0,3,12_20-Parent BB Ent 8
BB14-1-a,302,12,1,3-13a,green,12_1-Cross BB14-1-a,12_1-Cross BB14-1-a,cross,3,2,5,12_1-Cross BB14-1-a
BB Ent 8,319,12,18,BB Ent 8 (15-7),na,12_18-Parent BB Ent 8,12_18-Parent BB Ent 8,parent,3,8,9,12_18-Parent BB Ent 8
BB Ent 8,319,12,17,BB Ent 8 (15-7),na,12_17-Parent BB Ent 8,12_17-Parent BB Ent 8,parent,3,6,8,12_17-Parent BB Ent 8
BB Ent 8,319,12,16,BB Ent 8 (15-7),na,12_16-Parent BB Ent 8,12_16-Parent BB Ent 8,parent,3,9,10,12_16-Parent BB Ent 8
BB Ent 8,319,12,15,BB Ent 8 (15-7),na,12_15-Parent BB Ent 8,12_15-Parent BB Ent 8,parent,3,7,8,12_15-Parent BB Ent 8
BB Ent 8,319,12,14,BB Ent 8 (15-7),na,12_14-Parent BB Ent 8,12_14-Parent BB Ent 8,parent,3,8,8,12_14-Parent BB Ent 8
BB Ent 8,319,12,13,BB Ent 8 (15-7),na,12_13-Parent BB Ent 8,12_13-Parent BB Ent 8,parent,3,4,6,12_13-Parent BB Ent 8
BB Ent 8,319,12,12,BB Ent 8 (15-7),na,12_12-Parent BB Ent 8,12_12-Parent BB Ent 8,parent,3,5,8,12_12-Parent BB Ent 8
BB Ent 8,319,12,11,BB Ent 8 (15-7),na,12_11-Parent BB Ent 8,12_11-Parent BB Ent 8,parent,3,6,9,12_11-Parent BB Ent 8
BB14-1-a,302,12,10,3-13a,green,12_10-Cross BB14-1-a,12_10-Cross BB14-1-a,cross,3,5,9,12_10-Cross BB14-1-a
BB14-4b,301,11,9,15-7,orange,11_9-Cross BB14-4b,11_9-Cross BB14-4b,cross,3,9,10,11_9-Cross BB14-4b
BB14-4b,301,11,8,15-7,orange,11_8-Cross BB14-4b,11_8-Cross BB14-4b,cross,3,6,8,11_8-Cross BB14-4b
BB14-4b,301,11,7,15-7,orange,11_7-Cross BB14-4b,11_7-Cross BB14-4b,cross,3,5,8,11_7-Cross BB14-4b
BB14-4b,301,11,6,15-7,orange,11_6-Cross BB14-4b,11_6-Cross BB14-4b,cross,3,9,9,11_6-Cross BB14-4b
BB14-4b,301,11,5,15-7,orange,11_5-Cross BB14-4b,11_5-Cross BB14-4b,cross,3,9,10,11_5-Cross BB14-4b
BB14-4b,301,11,4,15-7,orange,11_4-Cross BB14-4b,11_4-Cross BB14-4b,cross,3,9,9,11_4-Cross BB14-4b
BB14-5p,420,11,40,CT3-08,white,11_40-Cross BB14-5p,11_40-Cross BB14-5p,cross,4,7,9,11_40-Cross BB14-5p
BB14-4b,301,11,3,15-7,orange,11_3-Cross BB14-4b,11_3-Cross BB14-4b,cross,3,9,10,11_3-Cross BB14-4b
BB14-5p,420,11,39,CT3-08,white,11_39-Cross BB14-5p,11_39-Cross BB14-5p,cross,4,6,8,11_39-Cross BB14-5p
BB14-5p,420,11,38,CT3-08,white,11_38-Cross BB14-5p,11_38-Cross BB14-5p,cross,4,2,4,11_38-Cross BB14-5p
BB14-5p,420,11,36,CT3-08,white,11_36-Cross BB14-5p,11_36-Cross BB14-5p,cross,4,8,10,11_36-Cross BB14-5p
BB14-5p,420,11,34,CT3-08,white,11_34-Cross BB14-5p,11_34-Cross BB14-5p,cross,4,6,9,11_34-Cross BB14-5p
BB14-5p,420,11,33,CT3-08,white,11_33-Cross BB14-5p,11_33-Cross BB14-5p,cross,4,8,9,11_33-Cross BB14-5p
BB14-5p,420,11,32,CT3-08,white,11_32-Cross BB14-5p,11_32-Cross BB14-5p,cross,4,8,10,11_32-Cross BB14-5p
BB14-5p,420,11,31,CT3-08,white,11_31-Cross BB14-5p,11_31-Cross BB14-5p,cross,4,7,7,11_31-Cross BB14-5p
BB14-1-a,401,11,30,3-13a,green,11_30-Cross BB14-1-a,11_30-Cross BB14-1-a,cross,4,8,10,11_30-Cross BB14-1-a
BB14-4b,301,11,2,15-7,orange,11_2-Cross BB14-4b,11_2-Cross BB14-4b,cross,3,6,9,11_2-Cross BB14-4b
BB14-1-a,401,11,29,3-13a,green,11_29-Cross BB14-1-a,11_29-Cross BB14-1-a,cross,4,.,8,11_29-Cross BB14-1-a
BB14-1-a,401,11,27,3-13a,green,11_27-Cross BB14-1-a,11_27-Cross BB14-1-a,cross,4,7,9,11_27-Cross BB14-1-a
BB14-1-a,401,11,25,3-13a,green,11_25-Cross BB14-1-a,11_25-Cross BB14-1-a,cross,4,8,10,11_25-Cross BB14-1-a
BB14-1-a,401,11,24,3-13a,green,11_24-Cross BB14-1-a,11_24-Cross BB14-1-a,cross,4,8,10,11_24-Cross BB14-1-a
BB14-1-a,401,11,23,3-13a,green,11_23-Cross BB14-1-a,11_23-Cross BB14-1-a,cross,4,7,8,11_23-Cross BB14-1-a
BB14-1-a,401,11,22,3-13a,green,11_22-Cross BB14-1-a,11_22-Cross BB14-1-a,cross,4,.,9,11_22-Cross BB14-1-a
BB14-1-a,401,11,21,3-13a,green,11_21-Cross BB14-1-a,11_21-Cross BB14-1-a,cross,4,9,10,11_21-Cross BB14-1-a
BB14-4b,301,11,1,15-7,orange,11_1-Cross BB14-4b,11_1-Cross BB14-4b,cross,3,6,8,11_1-Cross BB14-4b
Vernal,320,11,11,na,na,11_11-LTCk Vernal,11_11-LTCk Vernal,check,3,1,4,11_11-LTCk Vernal
BB14-4b,301,11,10,15-7,orange,11_10-Cross BB14-4b,11_10-Cross BB14-4b,cross,3,1,7,11_10-Cross BB14-4b
BB14-4b,110,10,9,15-7,orange,10_9-Cross BB14-4b,10_9-Cross BB14-4b,cross,1,8,9,10_9-Cross BB14-4b
BB14-4b,110,10,8,15-7,orange,10_8-Cross BB14-4b,10_8-Cross BB14-4b,cross,1,8,9,10_8-Cross BB14-4b
BB14-4b,110,10,7,15-7,orange,10_7-Cross BB14-4b,10_7-Cross BB14-4b,cross,1,8,9,10_7-Cross BB14-4b
BB14-4b,110,10,5,15-7,orange,10_5-Cross BB14-4b,10_5-Cross BB14-4b,cross,1,8,10,10_5-Cross BB14-4b
BB14-4b,110,10,4,15-7,orange,10_4-Cross BB14-4b,10_4-Cross BB14-4b,cross,1,7,9,10_4-Cross BB14-4b
BB14-4b,110,10,3,15-7,orange,10_3-Cross BB14-4b,10_3-Cross BB14-4b,cross,1,6,9,10_3-Cross BB14-4b
BB14-9p,211,10,39,CT3-08,yellow,10_39-Cross BB14-9p,10_39-Cross BB14-9p,cross,2,5,6,10_39-Cross BB14-9p
BB14-9p,211,10,38,CT3-08,yellow,10_38-Cross BB14-9p,10_38-Cross BB14-9p,cross,2,2,8,10_38-Cross BB14-9p
BB14-9p,211,10,37,CT3-08,yellow,10_37-Cross BB14-9p,10_37-Cross BB14-9p,cross,2,9,10,10_37-Cross BB14-9p
BB14-9p,211,10,36,CT3-08,yellow,10_36-Cross BB14-9p,10_36-Cross BB14-9p,cross,2,7,7,10_36-Cross BB14-9p
BB14-9p,211,10,35,CT3-08,yellow,10_35-Cross BB14-9p,10_35-Cross BB14-9p,cross,2,10,10,10_35-Cross BB14-9p
BB14-9p,211,10,34,CT3-08,yellow,10_34-Cross BB14-9p,10_34-Cross BB14-9p,cross,2,9,9,10_34-Cross BB14-9p
BB14-9p,211,10,33,CT3-08,yellow,10_33-Cross BB14-9p,10_33-Cross BB14-9p,cross,2,9,10,10_33-Cross BB14-9p
BB14-9p,211,10,32,CT3-08,yellow,10_32-Cross BB14-9p,10_32-Cross BB14-9p,cross,2,9,10,10_32-Cross BB14-9p
BB14-9p,211,10,31,CT3-08,yellow,10_31-Cross BB14-9p,10_31-Cross BB14-9p,cross,2,8,10,10_31-Cross BB14-9p
BB14-4b,110,10,2,15-7,orange,10_2-Cross BB14-4b,10_2-Cross BB14-4b,cross,1,8,9,10_2-Cross BB14-4b
BB14-5p,210,10,28,CT3-08,white,10_28-Cross BB14-5p,10_28-Cross BB14-5p,cross,2,3,6,10_28-Cross BB14-5p
BB14-5p,210,10,27,CT3-08,white,10_27-Cross BB14-5p,10_27-Cross BB14-5p,cross,2,2,.,10_27-Cross BB14-5p
BB14-5p,210,10,26,CT3-08,white,10_26-Cross BB14-5p,10_26-Cross BB14-5p,cross,2,2,5,10_26-Cross BB14-5p
BB14-5p,210,10,25,CT3-08,white,10_25-Cross BB14-5p,10_25-Cross BB14-5p,cross,2,7,9,10_25-Cross BB14-5p
BB14-5p,210,10,24,CT3-08,white,10_24-Cross BB14-5p,10_24-Cross BB14-5p,cross,2,7,8,10_24-Cross BB14-5p
BB14-5p,210,10,23,CT3-08,white,10_23-Cross BB14-5p,10_23-Cross BB14-5p,cross,2,7,9,10_23-Cross BB14-5p
BB14-5p,210,10,22,CT3-08,white,10_22-Cross BB14-5p,10_22-Cross BB14-5p,cross,2,4,4,10_22-Cross BB14-5p
BB14-5p,210,10,21,CT3-08,white,10_21-Cross BB14-5p,10_21-Cross BB14-5p,cross,2,7,7,10_21-Cross BB14-5p
BB14-5p,111,10,20,CT3-08,white,10_20-Cross BB14-5p,10_20-Cross BB14-5p,cross,1,7,8,10_20-Cross BB14-5p
BB14-4b,110,10,1,15-7,orange,10_1-Cross BB14-4b,10_1-Cross BB14-4b,cross,1,8,10,10_1-Cross BB14-4b
BB14-5p,111,10,19,CT3-08,white,10_19-Cross BB14-5p,10_19-Cross BB14-5p,cross,1,2,4,10_19-Cross BB14-5p
BB14-5p,111,10,18,CT3-08,white,10_18-Cross BB14-5p,10_18-Cross BB14-5p,cross,1,6,9,10_18-Cross BB14-5p
BB14-5p,111,10,17,CT3-08,white,10_17-Cross BB14-5p,10_17-Cross BB14-5p,cross,1,4,8,10_17-Cross BB14-5p
BB14-5p,111,10,15,CT3-08,white,10_15-Cross BB14-5p,10_15-Cross BB14-5p,cross,1,4,6,10_15-Cross BB14-5p
BB14-5p,111,10,14,CT3-08,white,10_14-Cross BB14-5p,10_14-Cross BB14-5p,cross,1,4,7,10_14-Cross BB14-5p
BB14-5p,111,10,13,CT3-08,white,10_13-Cross BB14-5p,10_13-Cross BB14-5p,cross,1,6,6,10_13-Cross BB14-5p
BB14-5p,111,10,12,CT3-08,white,10_12-Cross BB14-5p,10_12-Cross BB14-5p,cross,1,8,9,10_12-Cross BB14-5p
BB14-5p,111,10,11,CT3-08,white,10_11-Cross BB14-5p,10_11-Cross BB14-5p,cross,1,6,7,10_11-Cross BB14-5p
BB14-4b,110,10,10,15-7,orange,10_10-Cross BB14-4b,10_10-Cross BB14-4b,cross,1,7,7,10_10-Cross BB14-4b
CT3-08,101,1,9,na,na,1_9-Parent CT3-08,1_9-Parent CT3-08,parent,1,0,0,1_9-Parent CT3-08
CT3-08,101,1,8,na,na,1_8-Parent CT3-08,1_8-Parent CT3-08,parent,1,0,2,1_8-Parent CT3-08
CT3-08,101,1,7,na,na,1_7-Parent CT3-08,1_7-Parent CT3-08,parent,1,0,0,1_7-Parent CT3-08
CT3-08,101,1,6,na,na,1_6-Parent CT3-08,1_6-Parent CT3-08,parent,1,0,0,1_6-Parent CT3-08
CT3-08,101,1,5,na,na,1_5-Parent CT3-08,1_5-Parent CT3-08,parent,1,0,0,1_5-Parent CT3-08
CT3-08,101,1,4,na,na,1_4-Parent CT3-08,1_4-Parent CT3-08,parent,1,0,0,1_4-Parent CT3-08
BB14-12b,220,1,40,13-Mar,pink,1_40-Cross BB14-12b,1_40-Cross BB14-12b,cross,2,1,9,1_40-Cross BB14-12b
BB14-12b,220,1,38,13-Mar,pink,1_38-Cross BB14-12b,1_38-Cross BB14-12b,cross,2,6,8,1_38-Cross BB14-12b
BB14-12b,220,1,36,13-Mar,pink,1_36-Cross BB14-12b,1_36-Cross BB14-12b,cross,2,2,5,1_36-Cross BB14-12b
BB14-12b,220,1,35,13-Mar,pink,1_35-Cross BB14-12b,1_35-Cross BB14-12b,cross,2,1,6,1_35-Cross BB14-12b
BB14-12b,220,1,34,13-Mar,pink,1_34-Cross BB14-12b,1_34-Cross BB14-12b,cross,2,5,6,1_34-Cross BB14-12b
BB14-12b,220,1,33,13-Mar,pink,1_33-Cross BB14-12b,1_33-Cross BB14-12b,cross,2,4,4,1_33-Cross BB14-12b
BB14-12b,220,1,31,13-Mar,pink,1_31-Cross BB14-12b,1_31-Cross BB14-12b,cross,2,2,2,1_31-Cross BB14-12b
CT3-08,101,1,2,na,na,1_2-Parent CT3-08,1_2-Parent CT3-08,parent,1,0,0,1_2-Parent CT3-08
BB14-8b,201,1,29,13-Mar,blue,1_29-Cross BB14-8b,1_29-Cross BB14-8b,cross,2,5,6,1_29-Cross BB14-8b
BB14-8b,201,1,28,13-Mar,blue,1_28-Cross BB14-8b,1_28-Cross BB14-8b,cross,2,5,7,1_28-Cross BB14-8b
BB14-8b,201,1,27,13-Mar,blue,1_27-Cross BB14-8b,1_27-Cross BB14-8b,cross,2,2,.,1_27-Cross BB14-8b
BB14-8b,201,1,22,13-Mar,blue,1_22-Cross BB14-8b,1_22-Cross BB14-8b,cross,2,5,5,1_22-Cross BB14-8b
BB14-14b,120,1,20,13-Mar,red,1_20-Cross BB14-14b,1_20-Cross BB14-14b,cross,1,6,9,1_20-Cross BB14-14b
CT3-08,101,1,1,na,na,1_1-Parent CT3-08,1_1-Parent CT3-08,parent,1,0,0,1_1-Parent CT3-08
BB14-14b,120,1,19,13-Mar,red,1_19-Cross BB14-14b,1_19-Cross BB14-14b,cross,1,5,9,1_19-Cross BB14-14b
BB14-14b,120,1,18,13-Mar,red,1_18-Cross BB14-14b,1_18-Cross BB14-14b,cross,1,.,1,1_18-Cross BB14-14b
BB14-14b,120,1,17,13-Mar,red,1_17-Cross BB14-14b,1_17-Cross BB14-14b,cross,1,2,5,1_17-Cross BB14-14b
BB14-14b,120,1,16,13-Mar,red,1_16-Cross BB14-14b,1_16-Cross BB14-14b,cross,1,2,7,1_16-Cross BB14-14b
BB14-14b,120,1,14,13-Mar,red,1_14-Cross BB14-14b,1_14-Cross BB14-14b,cross,1,4,5,1_14-Cross BB14-14b
BB14-14b,120,1,13,13-Mar,red,1_13-Cross BB14-14b,1_13-Cross BB14-14b,cross,1,3,5,1_13-Cross BB14-14b
BB14-14b,120,1,12,13-Mar,red,1_12-Cross BB14-14b,1_12-Cross BB14-14b,cross,1,2,4,1_12-Cross BB14-14b
BB14-14b,120,1,11,13-Mar,red,1_11-Cross BB14-14b,1_11-Cross BB14-14b,cross,1,2,4,1_11-Cross BB14-14b