Entry,Plot,Row,Col,Parent,Cross,Sample ID,Plate ID,Well Location,Ent #,Rep,"Phenotype, 1-5, 5=best (6-7-18)","phenotype, 1-5, 5=best (6-9-22)","selectable, 1-5, 5=best (6-9-22)",spread_5.13,spread_5.17,spread_cm,Notes
BB14-8b,201,1,22,13-Mar,blue,1_22-Cross BB14-8b,1,B03,14,2,2,3,2,5,5,45,
BB14-8b,201,1,27,13-Mar,blue,1_27-Cross BB14-8b,1,C03,14,2,3,1,1,2,.,.,
BB14-8b,201,1,28,13-Mar,blue,1_28-Cross BB14-8b,1,D03,14,2,4,3,2,5,7,55,
BB14-8b,201,1,29,13-Mar,blue,1_29-Cross BB14-8b,1,E03,14,2,2,2,1,5,6,.,
BB14-8b,317,14,11,13-Mar,blue,14_11-Cross BB14-8b,5,D10,14,3,1,.,.,.,.,.,
BB14-8b,317,14,13,13-Mar,blue,14_13-Cross BB14-8b,5,C10,14,3,3,1,2,4,1,25,
BB14-8b,317,14,14,13-Mar,blue,14_14-Cross BB14-8b,5,B10,14,3,3,3.5,3,5,5,65,
BB14-8b,317,14,16,13-Mar,blue,14_16-Cross BB14-8b,5,A10,14,3,1,1,1,2,.,.,
BB14-8b,317,14,17,13-Mar,blue,14_17-Cross BB14-8b,5,H09,14,3,4,1,1,3,0,12,
BB14-8b,317,14,18,13-Mar,blue,14_18-Cross BB14-8b,5,G09,14,3,5,4,3,5,4,85,
BB14-8b,317,14,19,13-Mar,blue,14_19-Cross BB14-8b,5,F09,14,3,3,3,3,5,5,65,
BB14-8b,317,14,20,13-Mar,blue,14_20-Cross BB14-8b,5,E09,14,3,2,1,1,1,3,50,
BB14-8b,417,14,31,13-Mar,blue,14_31-Cross BB14-8b,5,D08,14,4,1,1,.,2,.,.,
BB14-8b,417,14,32,13-Mar,blue,14_32-Cross BB14-8b,5,C08,14,4,1,.,.,.,6,45,
BB14-8b,417,14,33,13-Mar,blue,14_33-Cross BB14-8b,5,B08,14,4,3,4,3,5,8,75,
BB14-8b,417,14,34,13-Mar,blue,14_34-Cross BB14-8b,5,A08,14,4,3,3,2,5,6,75,
BB14-8b,417,14,36,13-Mar,blue,14_36-Cross BB14-8b,5,H07,14,4,3,2,2,2,.,.,
BB14-8b,417,14,37,13-Mar,blue,14_37-Cross BB14-8b,5,G07,14,4,3,2,2,4,4,50,
BB14-8b,417,14,38,13-Mar,blue,14_38-Cross BB14-8b,5,F07,14,4,3,.,.,.,.,.,
BB14-7p,306,16,1,CT3-08,blue,16_1-Cross BB14-7p,6,E07,13,3,4,1,1,2,.,.,
BB14-7p,306,16,10,CT3-08,blue,16_10-Cross BB14-7p,6,F06,13,3,3,2,3,6,.,.,
BB14-7p,306,16,2,CT3-08,blue,16_2-Cross BB14-7p,6,D07,13,3,3,1,1,1,0,.,
BB14-7p,306,16,3,CT3-08,blue,16_3-Cross BB14-7p,6,C07,13,3,3,2,1,2,6,.,
BB14-7p,415,16,31,CT3-08,blue,16_31-Cross BB14-7p,6,E04,13,4,3,1,1,4,2,.,
BB14-7p,415,16,34,CT3-08,blue,16_34-Cross BB14-7p,6,D04,13,4,3,1,1,3,.,.,
BB14-7p,415,16,35,CT3-08,blue,16_35-Cross BB14-7p,6,C04,13,4,2,.,.,1,.,.,
BB14-7p,415,16,36,CT3-08,blue,16_36-Cross BB14-7p,6,B04,13,4,4,2,1,1,5,65,
BB14-7p,415,16,37,CT3-08,blue,16_37-Cross BB14-7p,6,A04,13,4,4,1,1,1,.,.,
BB14-7p,415,16,39,CT3-08,blue,16_39-Cross BB14-7p,6,H03,13,4,3,2,1,3,5,60,
BB14-7p,306,16,4,CT3-08,blue,16_4-Cross BB14-7p,6,B07,13,3,3,3.5,3,4,6,55,
BB14-7p,415,16,40,CT3-08,blue,16_40-Cross BB14-7p,6,G03,13,4,3,2,1,1,.,.,
BB14-7p,306,16,5,CT3-08,blue,16_5-Cross BB14-7p,6,A07,13,3,4,2,2,1,3,20,
BB14-7p,306,16,7,CT3-08,blue,16_7-Cross BB14-7p,6,H06,13,3,5,3,3,4,5,30,
BB14-7p,306,16,8,CT3-08,blue,16_8-Cross BB14-7p,6,G06,13,3,3,3,3,2,2,15,
BB14-7p,204,4,21,CT3-08,blue,4_21-Cross BB14-7p,2,H02,13,2,4,1,1,4,6,60,
BB14-7p,204,4,22,CT3-08,blue,4_22-Cross BB14-7p,2,G02,13,2,3,4,3,5,6,45,
BB14-7p,204,4,23,CT3-08,blue,4_23-Cross BB14-7p,2,F02,13,2,4,4,3,4,8,65,
BB14-7p,204,4,24,CT3-08,blue,4_24-Cross BB14-7p,2,E02,13,2,3,1,1,4,4,35,
BB14-7p,204,4,25,CT3-08,blue,4_25-Cross BB14-7p,2,D02,13,2,3,1,1,5,8,55,
BB14-7p,204,4,26,CT3-08,blue,4_26-Cross BB14-7p,2,C02,13,2,4,3,3,5,8,80,
BB14-7p,204,4,27,CT3-08,blue,4_27-Cross BB14-7p,2,B02,13,2,3,3,2,3,5,55,
BB14-7p,204,4,28,CT3-08,blue,4_28-Cross BB14-7p,2,A02,13,2,5,5,4,6,7,75,
BB14-7p,204,4,29,CT3-08,blue,4_29-Cross BB14-7p,2,H01,13,2,3,2,2,2,4,20,
BB14-7p,204,4,30,CT3-08,blue,4_30-Cross BB14-7p,2,G01,13,2,3,3,3,5,9,70,
BB14-8b,114,7,11,13-Mar,blue,7_11-Cross BB14-8b,3,C03,14,1,3,1,1,2,.,30,
BB14-8b,114,7,12,13-Mar,blue,7_12-Cross BB14-8b,3,D03,14,1,3,1,1,4,7,55,
BB14-8b,114,7,13,13-Mar,blue,7_13-Cross BB14-8b,3,E03,14,1,3,1,1,4,6,35,
BB14-8b,114,7,14,13-Mar,blue,7_14-Cross BB14-8b,3,F03,14,1,1,1,1,2,6,60,
BB14-8b,114,7,17,13-Mar,blue,7_17-Cross BB14-8b,3,G03,14,1,3,2,1,3,6,50,
BB14-8b,114,7,18,13-Mar,blue,7_18-Cross BB14-8b,3,H03,14,1,3,3,3,4,7,65,
BB14-7p,113,8,11,CT3-08,blue,8_11-Cross BB14-7p,3,G08,13,1,1,4,3,4,9,85,
BB14-7p,113,8,12,CT3-08,blue,8_12-Cross BB14-7p,3,F08,13,1,4,2,2,3,.,50,
BB14-7p,113,8,13,CT3-08,blue,8_13-Cross BB14-7p,3,E08,13,1,3,2,3,3,7,.,
BB14-7p,113,8,14,CT3-08,blue,8_14-Cross BB14-7p,3,D08,13,1,3,2,2,4,.,.,
BB14-7p,113,8,15,CT3-08,blue,8_15-Cross BB14-7p,3,C08,13,1,3,3,3,3,5,40,
BB14-7p,113,8,16,CT3-08,blue,8_16-Cross BB14-7p,3,B08,13,1,4,3,3,4,6,65,
BB14-7p,113,8,17,CT3-08,blue,8_17-Cross BB14-7p,3,A08,13,1,3,3,2,4,6,50,
BB14-7p,113,8,18,CT3-08,blue,8_18-Cross BB14-7p,3,H07,13,1,1,2,2,2,5,30,
BB14-7p,113,8,19,CT3-08,blue,8_19-Cross BB14-7p,3,G07,13,1,2,1,1,.,.,.,
BB14-7p,113,8,20,CT3-08,blue,8_20-Cross BB14-7p,3,F07,13,1,3,3,3,6,8,60,
BB14-8b,114,7,15,13-Mar,blue,na,na,na,na,na,3,.,.,.,.,.,
BB14-8b,114,7,16,13-Mar,blue,na,na,na,na,na,2,.,.,.,.,.,
BB14-8b,114,7,19,13-Mar,blue,na,na,na,na,na,2,.,.,.,0,.,
BB14-8b,114,7,20,13-Mar,blue,na,na,na,na,na,.,4,.,6,8,70,
BB14-8b,201,1,30,13-Mar,blue,na,na,na,na,na,.,.,1,.,.,.,
BB14-8b,201,1,21,13-Mar,blue,na,na,na,na,na,3,.,.,.,.,.,
BB14-8b,201,1,23,13-Mar,blue,na,na,na,na,na,1,.,.,.,.,.,
BB14-8b,201,1,24,13-Mar,blue,na,na,na,na,na,2,.,.,.,.,.,
BB14-8b,201,1,25,13-Mar,blue,na,na,na,na,na,2,.,.,.,.,.,
BB14-8b,201,1,26,13-Mar,blue,na,na,na,na,na,5,.,.,.,.,.,
BB14-7p,306,16,6,CT3-08,blue,na,na,na,na,na,3,.,2,.,4,40,
BB14-7p,306,16,9,CT3-08,blue,na,na,na,na,na,3,.,.,.,.,.,
BB14-8b,317,14,12,13-Mar,blue,na,na,na,na,na,1,.,.,.,.,.,
BB14-8b,317,14,15,13-Mar,blue,na,na,na,na,na,3,.,.,.,.,.,
BB14-7p,415,16,32,CT3-08,blue,na,na,na,na,na,3,.,.,.,.,.,
BB14-7p,415,16,33,CT3-08,blue,na,na,na,na,na,3,.,.,.,.,.,
BB14-7p,415,16,38,CT3-08,blue,na,na,na,na,na,3,.,.,.,.,.,
BB14-8b,417,14,35,13-Mar,blue,na,na,na,na,na,.,2,.,.,.,60,
BB14-8b,417,14,39,13-Mar,blue,na,na,na,na,na,3,.,.,.,.,.,
BB14-8b,417,14,40,13-Mar,blue,na,na,na,na,na,.,.,.,.,.,.,
BB14-1-a,401,11,21,3-13a,green,11_21-Cross BB14-1-a,4,F08,5,4,5,5,5,9,10,100,
BB14-1-a,401,11,22,3-13a,green,11_22-Cross BB14-1-a,4,G08,5,4,1,1,.,.,9,60,
BB14-1-a,401,11,23,3-13a,green,11_23-Cross BB14-1-a,4,H08,5,4,3,4,4,7,8,75,
BB14-1-a,401,11,24,3-13a,green,11_24-Cross BB14-1-a,4,A09,5,4,3,5,4,8,10,80,
BB14-1-a,401,11,25,3-13a,green,11_25-Cross BB14-1-a,4,B09,5,4,4,4,4,8,10,85,
BB14-1-a,401,11,27,3-13a,green,11_27-Cross BB14-1-a,4,C09,5,4,3,4,3.5,7,9,80,
BB14-1-a,401,11,29,3-13a,green,11_29-Cross BB14-1-a,4,D09,5,4,1,1,.,.,8,45,
BB14-1-a,401,11,30,3-13a,green,11_30-Cross BB14-1-a,4,E09,5,4,3,4,4,8,10,85,
BB14-1-a,302,12,1,3-13a,green,12_1-Cross BB14-1-a,5,D03,5,3,1,2,2,2,5,45,
BB14-1-a,302,12,10,3-13a,green,12_10-Cross BB14-1-a,5,C02,5,3,3,2,2,5,9,70,
BB14-1-a,302,12,2,3-13a,green,12_2-Cross BB14-1-a,5,C03,5,3,3,3,3,8,9,45,
BB14-2-a,402,12,21,15-7a,green,12_21-Cross BB14-2-a,5,A01,7,4,2,3,2,8,8,95,
BB14-2-a,402,12,22,15-7a,green,12_22-Cross BB14-2-a,4,F12,7,4,4,4,4,8,9,89,
BB14-2-a,402,12,23,15-7a,green,12_23-Cross BB14-2-a,4,E12,7,4,2,2,2,2,8,55,
BB14-2-a,402,12,24,15-7a,green,12_24-Cross BB14-2-a,4,D12,7,4,4,3,3,4,9,70,
BB14-2-a,402,12,25,15-7a,green,12_25-Cross BB14-2-a,4,C12,7,4,4,5,5,9,10,95,
BB14-2-a,402,12,27,15-7a,green,12_27-Cross BB14-2-a,4,B12,7,4,4,5,5,8,10,85,
BB14-2-a,402,12,28,15-7a,green,12_28-Cross BB14-2-a,4,A12,7,4,2,4,3,3,9,65,
BB14-2-a,402,12,29,15-7a,green,12_29-Cross BB14-2-a,4,H11,7,4,2,2,2,6,8,85,
BB14-1-a,302,12,3,3-13a,green,12_3-Cross BB14-1-a,5,B03,5,3,4,4,3,8,9,85,
BB14-2-a,402,12,30,15-7a,green,12_30-Cross BB14-2-a,4,G11,7,4,3,5,5,9,10,100,
BB14-1-a,302,12,4,3-13a,green,12_4-Cross BB14-1-a,5,A03,5,3,1,2,2,5,8,65,
BB14-1-a,302,12,5,3-13a,green,12_5-Cross BB14-1-a,5,H02,5,3,4,5,5,8,8,80,
BB14-1-a,302,12,6,3-13a,green,12_6-Cross BB14-1-a,5,G02,5,3,3,4,4,6,8,70,
BB14-1-a,302,12,7,3-13a,green,12_7-Cross BB14-1-a,5,F02,5,3,4,5,4,5,8,60,
BB14-1-a,302,12,8,3-13a,green,12_8-Cross BB14-1-a,5,E02,5,3,2,1,.,.,3,10,
BB14-1-a,302,12,9,3-13a,green,12_9-Cross BB14-1-a,5,D02,5,3,3,4,3,6,9,60,
BB14-2-b,405,15,21,15-7b,green,15_21-Cross BB14-2-b,6,F01,8,4,1,3,3,8,9,100,
BB14-2-b,405,15,22,15-7b,green,15_22-Cross BB14-2-b,6,G01,8,4,1,2,2,8,8,85,
BB14-2-b,405,15,23,15-7b,green,15_23-Cross BB14-2-b,6,H01,8,4,5,5,5,8,9,85,
BB14-2-b,405,15,24,15-7b,green,15_24-Cross BB14-2-b,6,A02,8,4,4,3,3,8,9,95,
BB14-2-b,405,15,25,15-7b,green,15_25-Cross BB14-2-b,6,B02,8,4,2,4,4,8,8,65,
BB14-2-b,405,15,27,15-7b,green,15_27-Cross BB14-2-b,6,C02,8,4,4,5,5,9,10,95,
BB14-2-b,405,15,28,15-7b,green,15_28-Cross BB14-2-b,6,D02,8,4,3,4,3,8,9,85,
BB14-2-b,405,15,29,15-7b,green,15_29-Cross BB14-2-b,6,E02,8,4,1,3,3,4,9,80,
BB14-2-b,405,15,30,15-7b,green,15_30-Cross BB14-2-b,6,F02,8,4,1,3,3,2,5,65,
BB14-2-a,307,17,1,15-7a,green,17_1-Cross BB14-2-a,6,F07,7,3,4,4,4,10,10,100,
BB14-2-a,307,17,10,15-7a,green,17_10-Cross BB14-2-a,6,F08,7,3,5,5,5,9,10,95,
BB14-2-b,314,17,11,15-7b,green,17_11-Cross BB14-2-b,6,G08,8,3,3,3,3,8,8,40,
BB14-2-b,314,17,12,15-7b,green,17_12-Cross BB14-2-b,6,H08,8,3,3,5,5,9,9,90,
BB14-2-b,314,17,13,15-7b,green,17_13-Cross BB14-2-b,6,A09,8,3,5,4,4,8,9,65,
BB14-2-b,314,17,14,15-7b,green,17_14-Cross BB14-2-b,6,B09,8,3,3,5,5,9,10,100,
BB14-2-b,314,17,15,15-7b,green,17_15-Cross BB14-2-b,6,C09,8,3,3,2,2,4,5,90,
BB14-2-b,314,17,16,15-7b,green,17_16-Cross BB14-2-b,6,D09,8,3,5,5,5,9,10,100,
BB14-2-b,314,17,17,15-7b,green,17_17-Cross BB14-2-b,6,E09,8,3,2,2,1,6,.,.,
BB14-2-b,314,17,19,15-7b,green,17_19-Cross BB14-2-b,6,F09,8,3,5,5,5,7,10,75,
BB14-2-b,314,17,20,15-7b,green,17_20-Cross BB14-2-b,6,G09,8,3,1,4,3,7,9,85,
BB14-2-a,307,17,3,15-7a,green,17_3-Cross BB14-2-a,6,G07,7,3,3,4,4,7,8,50,
BB14-1-b,414,17,31,3-13b,green,17_31-Cross BB14-1-b,6,E10,6,4,3,4,3,8,9,80,
BB14-1-b,414,17,34,3-13b,green,17_34-Cross BB14-1-b,6,F10,6,4,1,1,1,.,.,95,
BB14-1-b,414,17,35,3-13b,green,17_35-Cross BB14-1-b,6,G10,6,4,5,5,4.5,10,10,95,
BB14-1-b,414,17,36,3-13b,green,17_36-Cross BB14-1-b,6,H10,6,4,3,5,4,9,9,85,
BB14-1-b,414,17,38,3-13b,green,17_38-Cross BB14-1-b,6,A11,6,4,2,1,1,.,.,60,
BB14-2-a,307,17,4,15-7a,green,17_4-Cross BB14-2-a,6,H07,7,3,5,5,5,8,9,90,
BB14-1-b,414,17,40,3-13b,green,17_40-Cross BB14-1-b,6,B11,6,4,1,1,1,.,.,.,
BB14-2-a,307,17,5,15-7a,green,17_5-Cross BB14-2-a,6,A08,7,3,3,4,4,8,9,75,
BB14-2-a,307,17,6,15-7a,green,17_6-Cross BB14-2-a,6,B08,7,3,4,4,3,8,9,85,
BB14-2-a,307,17,7,15-7a,green,17_7-Cross BB14-2-a,6,C08,7,3,5,5,5,7,9,95,
BB14-2-a,307,17,8,15-7a,green,17_8-Cross BB14-2-a,6,D08,7,3,3,5,5,7,8,80,
BB14-2-a,307,17,9,15-7a,green,17_9-Cross BB14-2-a,6,E08,7,3,3,2,2,2,6,75,
BB14-2-a,219,2,32,15-7a,green,2_32-Cross BB14-2-a,1,D05,7,2,5,4,4,6,8,60,
BB14-2-a,219,2,33,15-7a,green,2_33-Cross BB14-2-a,1,C05,7,2,4,3,3,6,8,80,
BB14-2-a,219,2,34,15-7a,green,2_34-Cross BB14-2-a,1,B05,7,2,3,4,4,3,6,70,short but good
BB14-2-a,219,2,35,15-7a,green,2_35-Cross BB14-2-a,1,A05,7,2,3,4,4.5,7,9,65,short but good
BB14-2-a,219,2,37,15-7a,green,2_37-Cross BB14-2-a,1,H04,7,2,2,2,1,3,8,55,
BB14-2-a,219,2,38,15-7a,green,2_38-Cross BB14-2-a,1,G04,7,2,4,3,2,9,10,80,
BB14-2-a,219,2,39,15-7a,green,2_39-Cross BB14-2-a,1,F04,7,2,5,4,3,10,10,95,
BB14-2-a,219,2,40,15-7a,green,2_40-Cross BB14-2-a,1,E04,7,2,.,4,3,4,9,65,
BB14-1-b,310,20,1,3-13b,green,20_1-Cross BB14-1-b,7,E11,6,3,5,5,5,9,10,85,
BB14-1-b,310,20,10,3-13b,green,20_10-Cross BB14-1-b,7,D10,6,3,5,5,5,10,10,100,
BB14-1-b,310,20,2,3-13b,green,20_2-Cross BB14-1-b,7,D11,6,3,1,.,.,.,.,.,
BB14-1-b,310,20,3,3-13b,green,20_3-Cross BB14-1-b,7,C11,6,3,1,2,3,.,5,65,
BB14-1-b,310,20,4,3-13b,green,20_4-Cross BB14-1-b,7,B11,6,3,5,5,5,9,10,100,
BB14-1-b,310,20,5,3-13b,green,20_5-Cross BB14-1-b,7,A11,6,3,.,3,3,4,10,65,
BB14-1-b,310,20,6,3-13b,green,20_6-Cross BB14-1-b,7,H10,6,3,2,2,2,4,8,70,
BB14-1-b,310,20,7,3-13b,green,20_7-Cross BB14-1-b,7,G10,6,3,2,2,2,4,7,60,
BB14-1-b,310,20,8,3-13b,green,20_8-Cross BB14-1-b,7,F10,6,3,.,2,2,5,7,60,
BB14-1-b,310,20,9,3-13b,green,20_9-Cross BB14-1-b,7,E10,6,3,.,1,1,0,.,.,
BB14-1-b,203,3,21,3-13b,green,3_21-Cross BB14-1-b,1,H09,6,2,2,1,1,3,4,30,
BB14-1-b,203,3,22,3-13b,green,3_22-Cross BB14-1-b,1,A10,6,2,3,3.5,3,8,7,80,
BB14-1-b,203,3,23,3-13b,green,3_23-Cross BB14-1-b,1,B10,6,2,3,2,2,2,3,10,
BB14-1-b,203,3,24,3-13b,green,3_24-Cross BB14-1-b,1,C10,6,2,5,5,5,10,10,95,
BB14-1-b,203,3,25,3-13b,green,3_25-Cross BB14-1-b,1,D10,6,2,2,1,1,5,8,35,
BB14-1-b,203,3,26,3-13b,green,3_26-Cross BB14-1-b,1,E10,6,2,5,5,5,9,10,100,
BB14-1-b,203,3,28,3-13b,green,3_28-Cross BB14-1-b,1,F10,6,2,3,4,4,8,9,95,
BB14-1-b,203,3,29,3-13b,green,3_29-Cross BB14-1-b,1,G10,6,2,3,2,2,6,8,70,
BB14-1-b,203,3,30,3-13b,green,3_30-Cross BB14-1-b,1,H10,6,2,3,2,1,2,5,40,
BB14-1-a,105,5,1,3-13a,green,5_1-Cross BB14-1-a,2,B05,5,1,.,2,1,.,.,25,
BB14-1-a,105,5,2,3-13a,green,5_2-Cross BB14-1-a,2,C05,5,1,5,5,4.5,9,10,100,
BB14-1-a,105,5,3,3-13a,green,5_3-Cross BB14-1-a,2,D05,5,1,2,3,3,5,8,35,
BB14-1-a,216,5,31,3-13a,green,5_31-Cross BB14-1-a,2,D08,5,2,1,1,.,2,.,80,
BB14-1-a,216,5,32,3-13a,green,5_32-Cross BB14-1-a,2,E08,5,2,2,3,4,6,9,70,short but good
BB14-1-a,216,5,33,3-13a,green,5_33-Cross BB14-1-a,2,F08,5,2,4,4,4,8,9,.,short but good
BB14-1-a,216,5,35,3-13a,green,5_35-Cross BB14-1-a,2,G08,5,2,4,4,3,9,10,90,
BB14-1-a,216,5,36,3-13a,green,5_36-Cross BB14-1-a,2,H08,5,2,1,2,3,4,7,55,
BB14-1-a,216,5,38,3-13a,green,5_38-Cross BB14-1-a,2,A09,5,2,1,2,2,3,6,60,
BB14-1-a,216,5,39,3-13a,green,5_39-Cross BB14-1-a,2,B09,5,2,5,5,5,9,10,100,
BB14-1-a,105,5,4,3-13a,green,5_4-Cross BB14-1-a,2,E05,5,1,3,2,2,4,6,40,
BB14-1-a,216,5,40,3-13a,green,5_40-Cross BB14-1-a,2,C09,5,2,3,4,3,4,5,95,
BB14-1-a,105,5,5,3-13a,green,5_5-Cross BB14-1-a,2,F05,5,1,4,3,3,6,8,60,
BB14-1-a,105,5,6,3-13a,green,5_6-Cross BB14-1-a,2,G05,5,1,.,4,3,6,10,65,
BB14-1-a,105,5,7,3-13a,green,5_7-Cross BB14-1-a,2,H05,5,1,4,5,4.5,6,10,75,
BB14-1-a,105,5,8,3-13a,green,5_8-Cross BB14-1-a,2,A06,5,1,.,4,4,6,9,65,
BB14-1-a,105,5,9,3-13a,green,5_9-Cross BB14-1-a,2,B06,5,1,2,2,2,4,6,45,
BB14-1-b,106,6,1,3-13b,green,6_1-Cross BB14-1-b,3,A02,6,1,1,3,2,8,9,70,
BB14-1-b,106,6,10,3-13b,green,6_10-Cross BB14-1-b,3,A01,6,1,3,2,2,4,6,65,
BB14-1-b,106,6,2,3-13b,green,6_2-Cross BB14-1-b,3,H01,6,1,3,5,4,7,10,80,
BB14-1-b,106,6,3,3-13b,green,6_3-Cross BB14-1-b,3,G01,6,1,.,.,.,7,.,65,
BB14-1-b,106,6,4,3-13b,green,6_4-Cross BB14-1-b,3,F01,6,1,4,3,3,5,9,90,
BB14-1-b,106,6,5,3-13b,green,6_5-Cross BB14-1-b,3,E01,6,1,3,4,4,8,8,65,
BB14-1-b,106,6,6,3-13b,green,6_6-Cross BB14-1-b,3,D01,6,1,3,5,5,8,9,75,
BB14-1-b,106,6,7,3-13b,green,6_7-Cross BB14-1-b,3,C01,6,1,3,5,5,4,9,100,
BB14-1-b,106,6,8,3-13b,green,6_8-Cross BB14-1-b,3,B01,6,1,.,.,3,.,.,.,
BB14-2-a,107,7,1,15-7a,green,7_1-Cross BB14-2-a,3,B02,7,1,1,1,1,2,7,60,
BB14-2-a,107,7,10,15-7a,green,7_10-Cross BB14-2-a,3,B03,7,1,4,5,4,8,10,75,
BB14-2-a,107,7,2,15-7a,green,7_2-Cross BB14-2-a,3,C02,7,1,4,5,5,7,9,100,
BB14-2-a,107,7,3,15-7a,green,7_3-Cross BB14-2-a,3,D02,7,1,4,4,4.5,6,8,65,
BB14-2-a,107,7,4,15-7a,green,7_4-Cross BB14-2-a,3,E02,7,1,3,3,3,6,9,75,
BB14-2-a,107,7,5,15-7a,green,7_5-Cross BB14-2-a,3,F02,7,1,5,5,4.5,7,9,70,
BB14-2-a,107,7,6,15-7a,green,7_6-Cross BB14-2-a,3,G02,7,1,4,4,4,6,9,90,
BB14-2-a,107,7,7,15-7a,green,7_7-Cross BB14-2-a,3,H02,7,1,4,5,3,9,10,100,
BB14-2-a,107,7,9,15-7a,green,7_9-Cross BB14-2-a,3,A03,7,1,3,3,3,6,9,90,
BB14-2-b,108,8,1,15-7b,green,8_1-Cross BB14-2-b,3,H09,8,1,1,3,2,5,4,65,
BB14-2-b,108,8,10,15-7b,green,8_10-Cross BB14-2-b,3,H08,8,1,.,.,.,2,4,30,
BB14-2-b,108,8,2,15-7b,green,8_2-Cross BB14-2-b,3,G09,8,1,.,1,1,1,9,75,
BB14-2-b,108,8,3,15-7b,green,8_3-Cross BB14-2-b,3,F09,8,1,4,5,4,6,8,60,
BB14-2-b,213,8,31,15-7b,green,8_31-Cross BB14-2-b,3,E07,8,2,2,5,4,9,9,85,
BB14-2-b,213,8,32,15-7b,green,8_32-Cross BB14-2-b,3,D07,8,2,.,2,2,9,9,80,
BB14-2-b,213,8,33,15-7b,green,8_33-Cross BB14-2-b,3,C07,8,2,5,5,4,7,8,70,
BB14-2-b,213,8,34,15-7b,green,8_34-Cross BB14-2-b,3,B07,8,2,1,3,3,8,9,80,
BB14-2-b,213,8,35,15-7b,green,8_35-Cross BB14-2-b,3,A07,8,2,3,4,4,8,8,65,
BB14-2-b,213,8,36,15-7b,green,8_36-Cross BB14-2-b,3,H06,8,2,4,5,4.5,9,10,100,
BB14-2-b,213,8,37,15-7b,green,8_37-Cross BB14-2-b,3,G06,8,2,4,5,4,9,10,95,
BB14-2-b,213,8,38,15-7b,green,8_38-Cross BB14-2-b,3,F06,8,2,3,2,2,6,8,65,
BB14-2-b,213,8,39,15-7b,green,8_39-Cross BB14-2-b,3,E06,8,2,3,4,3.5,7,10,100,
BB14-2-b,108,8,4,15-7b,green,8_4-Cross BB14-2-b,3,E09,8,1,1,4,2,7,9,80,
BB14-2-b,213,8,40,15-7b,green,8_40-Cross BB14-2-b,3,D06,8,2,2,2,2,5,7,85,
BB14-2-b,108,8,5,15-7b,green,8_5-Cross BB14-2-b,3,D09,8,1,.,.,.,.,.,55,
BB14-2-b,108,8,6,15-7b,green,8_6-Cross BB14-2-b,3,C09,8,1,4,5,5,5,8,80,
BB14-2-b,108,8,8,15-7b,green,8_8-Cross BB14-2-b,3,B09,8,1,1,1,.,.,4,45,
BB14-2-b,108,8,9,15-7b,green,8_9-Cross BB14-2-b,3,A09,8,1,1,2,2,3,5,70,
BB14-1-a,105,5,10,3-13a,green,na,na,na,na,na,.,.,.,.,.,40,
BB14-1-b,106,6,9,3-13b,green,na,na,na,na,na,3,1,.,3,2,.,
BB14-2-a,107,7,8,15-7a,green,na,na,na,na,na,2,.,.,.,.,.,
BB14-2-b,108,8,7,15-7b,green,na,na,na,na,na,2,4,3,.,5,60,
BB14-1-b,203,3,27,3-13b,green,na,na,na,na,na,2,1,.,.,.,.,
BB14-1-a,216,5,34,3-13a,green,na,na,na,na,na,2,2,.,.,.,55,
BB14-1-a,216,5,37,3-13a,green,na,na,na,na,na,1,1,.,.,.,.,
BB14-2-a,219,2,31,15-7a,green,na,na,na,na,na,.,.,.,.,.,.,
BB14-2-a,219,2,36,15-7a,green,na,na,na,na,na,.,.,.,.,.,.,
BB14-2-a,307,17,2,15-7a,green,na,na,na,na,na,2,.,.,.,.,.,
BB14-2-b,314,17,18,15-7b,green,na,na,na,na,na,.,.,.,.,.,.,
BB14-1-a,401,11,26,3-13a,green,na,na,na,na,na,2,.,.,.,.,80,
BB14-1-a,401,11,28,3-13a,green,na,na,na,na,na,1,.,.,.,.,.,
BB14-2-a,402,12,26,15-7a,green,na,na,na,na,na,.,.,.,.,.,50,
BB14-2-b,405,15,26,15-7b,green,na,na,na,na,na,2,.,.,.,1,60,
BB14-1-b,414,17,32,3-13b,green,na,na,na,na,na,.,.,.,.,.,.,
BB14-1-b,414,17,33,3-13b,green,na,na,na,na,na,.,.,.,.,.,.,
BB14-1-b,414,17,37,3-13b,green,na,na,na,na,na,1,.,.,.,.,.,
BB14-1-b,414,17,39,3-13b,green,na,na,na,na,na,.,.,.,.,6,10,
CT3-08,101,1,1,na,na,1_1-Parent CT3-08,1,A01,1,1,5,5,4,0,0,.,
CT3-08,101,1,2,na,na,1_2-Parent CT3-08,1,B01,1,1,4,5,5,0,0,15,
CT3-08,101,1,4,na,na,1_4-Parent CT3-08,1,C01,1,1,4,3,3,0,0,15,
CT3-08,101,1,5,na,na,1_5-Parent CT3-08,1,D01,1,1,3,4,4,0,0,15,
CT3-08,101,1,6,na,na,1_6-Parent CT3-08,1,E01,1,1,5,4.5,4,0,0,15,
CT3-08,101,1,7,na,na,1_7-Parent CT3-08,1,F01,1,1,4,2,2,0,0,10,
CT3-08,101,1,8,na,na,1_8-Parent CT3-08,1,G01,1,1,5,4,3,0,2,15,
CT3-08,101,1,9,na,na,1_9-Parent CT3-08,1,H01,1,1,3,3,3,0,0,10,
Vernal,320,11,11,na,na,11_11-LTCk Vernal,4,E08,2,3,3,3,2,1,4,35,
BB Ent 8,319,12,11,BB Ent 8 (15-7),na,12_11-Parent BB Ent 8,5,B02,4,3,4,5,3,6,9,75,
BB Ent 8,319,12,12,BB Ent 8 (15-7),na,12_12-Parent BB Ent 8,5,A02,4,3,3,5,3,5,8,65,
BB Ent 8,319,12,13,BB Ent 8 (15-7),na,12_13-Parent BB Ent 8,5,H01,4,3,4,5,3,4,6,60,
BB Ent 8,319,12,14,BB Ent 8 (15-7),na,12_14-Parent BB Ent 8,5,G01,4,3,3,4,3,8,8,80,
BB Ent 8,319,12,15,BB Ent 8 (15-7),na,12_15-Parent BB Ent 8,5,F01,4,3,3,4,3,7,8,65,
BB Ent 8,319,12,16,BB Ent 8 (15-7),na,12_16-Parent BB Ent 8,5,E01,4,3,4,5,5,9,10,90,
BB Ent 8,319,12,17,BB Ent 8 (15-7),na,12_17-Parent BB Ent 8,5,D01,4,3,3,4,3,6,8,85,
BB Ent 8,319,12,18,BB Ent 8 (15-7),na,12_18-Parent BB Ent 8,5,C01,4,3,3,4.5,3.5,8,9,85,
BB Ent 8,319,12,20,BB Ent 8 (15-7),na,12_20-Parent BB Ent 8,5,B01,4,3,3,3,3,0,3,35,
BB Ent 8,419,12,31,BB Ent 8 (15-7),na,12_31-Parent BB Ent 8,4,F11,4,4,3,3,3,1,.,.,
BB Ent 8,419,12,32,BB Ent 8 (15-7),na,12_32-Parent BB Ent 8,4,E11,4,4,2,3,3,8,9,95,
BB Ent 8,419,12,33,BB Ent 8 (15-7),na,12_33-Parent BB Ent 8,4,D11,4,4,2,4,3,4,9,75,
BB Ent 8,419,12,35,BB Ent 8 (15-7),na,12_35-Parent BB Ent 8,4,C11,4,4,4,5,5,10,10,100,
BB Ent 8,419,12,36,BB Ent 8 (15-7),na,12_36-Parent BB Ent 8,4,B11,4,4,4,3,2,7,9,65,
BB Ent 8,419,12,37,BB Ent 8 (15-7),na,12_37-Parent BB Ent 8,4,A11,4,4,4,4,3,8,10,90,
BB Ent 8,419,12,38,BB Ent 8 (15-7),na,12_38-Parent BB Ent 8,4,H10,4,4,3,3,3,7,8,50,
BB Ent 8,419,12,39,BB Ent 8 (15-7),na,12_39-Parent BB Ent 8,4,G10,4,4,2,4,3,9,10,100,
BB Ent 8,419,12,40,BB Ent 8 (15-7),na,12_40-Parent BB Ent 8,4,F10,4,4,4,5,5,10,10,95,
CT3-08,318,13,11,na,na,13_11-Parent CT3-08,5,F04,1,3,3,3,3,1,2,35,
CT3-08,318,13,13,na,na,13_13-Parent CT3-08,5,G04,1,3,3,1,.,4,.,.,
CT3-08,318,13,15,na,na,13_15-Parent CT3-08,5,H04,1,3,5,5,4,5,3,30,aphid free
CT3-08,318,13,16,na,na,13_16-Parent CT3-08,5,A05,1,3,5,4,3,5,1,20,
CT3-08,318,13,17,na,na,13_17-Parent CT3-08,5,B05,1,3,4,4,3,5,2,20,
CT3-08,318,13,18,na,na,13_18-Parent CT3-08,5,C05,1,3,5,4,3,4,1,20,
CT3-08,318,13,19,na,na,13_19-Parent CT3-08,5,D05,1,3,4,4,3,4,1,25,
CT3-08,318,13,20,na,na,13_20-Parent CT3-08,5,E05,1,3,4,4,3,5,2,45,
BB Ent 3,418,13,31,BB Ent 3 (3-13),na,13_31-Cross BB Ent 3,5,H06,3,4,2,3,2,8,6,65,
BB Ent 3,418,13,33,BB Ent 3 (3-13),na,13_33-Cross BB Ent 3,5,A07,3,4,2,.,.,.,.,45,
BB Ent 3,418,13,35,BB Ent 3 (3-13),na,13_35-Cross BB Ent 3,5,B07,3,4,.,2,1,3,.,.,
BB Ent 3,418,13,36,BB Ent 3 (3-13),na,13_36-Cross BB Ent 3,5,C07,3,4,.,.,.,4,8,90,
BB Ent 3,418,13,39,BB Ent 3 (3-13),na,13_39-Cross BB Ent 3,5,D07,3,4,4,3.5,3.5,8,9,85,
BB Ent 3,418,13,40,BB Ent 3 (3-13),na,13_40-Cross BB Ent 3,5,E07,3,4,5,1,1,.,6,95,
CT3-08,404,14,21,na,na,14_21-Parent CT3-08,5,D09,1,4,4,3.5,3,2,3,25,
CT3-08,404,14,22,na,na,14_22-Parent CT3-08,5,C09,1,4,4,4,3,2,4,30,
CT3-08,404,14,23,na,na,14_23-Parent CT3-08,5,B09,1,4,3,3,3,2,3,25,
CT3-08,404,14,24,na,na,14_24-Parent CT3-08,5,A09,1,4,4,4,3,4,4,30,
CT3-08,404,14,25,na,na,14_25-Parent CT3-08,5,H08,1,4,4,4,3,4,2,25,
CT3-08,404,14,26,na,na,14_26-Parent CT3-08,5,G08,1,4,3,3,3,2,.,15,
CT3-08,404,14,28,na,na,14_28-Parent CT3-08,5,F08,1,4,4,4,3,2,2,20,
CT3-08,404,14,30,na,na,14_30-Parent CT3-08,5,E08,1,4,4,4,3,3,7,75,
BB Ent 3,308,18,1,BB Ent 3 (3-13),na,18_1-Cross BB Ent 3,7,E03,3,3,1,.,.,.,.,.,
BB Ent 3,308,18,10,BB Ent 3 (3-13),na,18_10-Cross BB Ent 3,7,F02,3,3,2,3,3,6,8,85,
BB Ent 3,308,18,3,BB Ent 3 (3-13),na,18_3-Cross BB Ent 3,7,D03,3,3,1,.,.,4,8,.,
BB Ent 3,308,18,4,BB Ent 3 (3-13),na,18_4-Cross BB Ent 3,7,C03,3,3,2,3,3,6,8,85,
BB Ent 3,308,18,5,BB Ent 3 (3-13),na,18_5-Cross BB Ent 3,7,B03,3,3,2,2,1,6,8,65,
BB Ent 3,308,18,6,BB Ent 3 (3-13),na,18_6-Cross BB Ent 3,7,A03,3,3,2,3,3,6,8,70,
BB Ent 3,308,18,7,BB Ent 3 (3-13),na,18_7-Cross BB Ent 3,7,H02,3,3,2,1,1,6,.,.,
BB Ent 3,308,18,9,BB Ent 3 (3-13),na,18_9-Cross BB Ent 3,7,G02,3,3,2,1,1,7,8,40,
Vernal,102,2,10,na,na,2_10-LTCK Vernal,1,G07,2,1,4,4,3,4,4,25,
BB Ent 8,202,2,21,BB Ent 8 (15-7),na,2_21-Cross BB Ent 8,1,D06,4,2,3,3,2,9,10,65,
BB Ent 8,202,2,22,BB Ent 8 (15-7),na,2_22-Cross BB Ent 8,1,C06,4,2,4,4,3,9,10,85,
BB Ent 8,202,2,24,BB Ent 8 (15-7),na,2_24-Cross BB Ent 8,1,B06,4,2,4,5,4,9,10,80,
BB Ent 8,202,2,25,BB Ent 8 (15-7),na,2_25-Cross BB Ent 8,1,A06,4,2,1,3,2,2,5,45,
BB Ent 8,202,2,26,BB Ent 8 (15-7),na,2_26-Cross BB Ent 8,1,H05,4,2,3,4,3,8,10,85,
BB Ent 8,202,2,27,BB Ent 8 (15-7),na,2_27-Cross BB Ent 8,1,G05,4,2,4,5,5,8,10,70,
BB Ent 8,202,2,29,BB Ent 8 (15-7),na,2_29-Cross BB Ent 8,1,F05,4,2,3,4,3,8,10,95,
BB Ent 8,202,2,30,BB Ent 8 (15-7),na,2_30-Cross BB Ent 8,1,E05,4,2,4,4,3,6,6,85,
Vernal,102,2,4,na,na,2_4-LTCK Vernal,1,C08,2,1,1,1,.,1,3,10,
Vernal,102,2,7,na,na,2_7-LTCK Vernal,1,B08,2,1,4,4,2,2,2,20,
Vernal,102,2,8,na,na,2_8-LTCK Vernal,1,A08,2,1,3,1,1,1,.,1,
Vernal,102,2,9,na,na,2_9-LTCK Vernal,1,H07,2,1,4,4,4,5,3,20,
Vernal,410,20,23,na,na,20_23-LTCk Vernal,7,A09,2,4,4,5,5,6,6,60,
Vernal,410,20,24,na,na,20_24-LTCk Vernal,7,H08,2,4,4,5,4,1,3,20,
Vernal,410,20,26,na,na,20_26-LTCk Vernal,7,G08,2,4,5,5,4,3,3,16,
Vernal,410,20,29,na,na,20_29-LTCk Vernal,7,F08,2,4,3,4,3,4,3,15,
BB Ent 3,103,3,1,BB Ent 3 (3-13),na,3_1-Cross BB Ent 3,1,D08,3,1,3,3,3,5,8,60,
BB Ent 3,103,3,10,BB Ent 3 (3-13),na,3_10-Cross BB Ent 3,1,A09,3,1,2,3,.,3,7,65,
BB Ent 3,103,3,2,BB Ent 3 (3-13),na,3_2-Cross BB Ent 3,1,E08,3,1,3,4,3,10,10,85,
CT3-08,218,3,31,na,na,3_31-Parent CT3-08,1,A11,1,2,3,3,2,0,1,20,
CT3-08,218,3,32,na,na,3_32-Parent CT3-08,1,B11,1,2,4,5,3,0,2,20,
CT3-08,218,3,33,na,na,3_33-Parent CT3-08,1,C11,1,2,4,4,3,0,.,.,
CT3-08,218,3,34,na,na,3_34-Parent CT3-08,1,D11,1,2,4,5,4,0,2,20,
CT3-08,218,3,35,na,na,3_35-Parent CT3-08,1,E11,1,2,3,3,3,0,.,15,
CT3-08,218,3,36,na,na,3_36-Parent CT3-08,1,F11,1,2,4,2,2,0,3,25,
CT3-08,218,3,37,na,na,3_37-Parent CT3-08,1,G11,1,2,4,4,3,3,4,25,
CT3-08,218,3,38,na,na,3_38-Parent CT3-08,1,H11,1,2,4,4,3,0,2,20,
CT3-08,218,3,39,na,na,3_39-Parent CT3-08,1,A12,1,2,4,3,3,0,1,20,
BB Ent 3,103,3,4,BB Ent 3 (3-13),na,3_4-Cross BB Ent 3,1,F08,3,1,3,2,2,4,4,40,
CT3-08,218,3,40,na,na,3_40-Parent CT3-08,1,B12,1,2,3,2,2,0,1,95,
BB Ent 3,103,3,8,BB Ent 3 (3-13),na,3_8-Cross BB Ent 3,1,G08,3,1,3,3,3,6,8,60,
BB Ent 3,103,3,9,BB Ent 3 (3-13),na,3_9-Cross BB Ent 3,1,H08,3,1,5,4,4,9,8,55,
BB Ent 8,104,4,1,BB Ent 8 (15-7),na,4_1-Parent BB Ent 8,2,A05,4,1,3,4,3,1,4,30,
BB Ent 8,104,4,10,BB Ent 8 (15-7),na,4_10-Parent BB Ent 8,2,A04,4,1,5,5,5,8,10,100,
BB Ent 8,104,4,2,BB Ent 8 (15-7),na,4_2-Parent BB Ent 8,2,H04,4,1,1,2,2,4,5,55,
BB Ent 8,104,4,3,BB Ent 8 (15-7),na,4_3-Parent BB Ent 8,2,G04,4,1,2,3,2,4,6,45,
BB Ent 8,104,4,4,BB Ent 8 (15-7),na,4_4-Parent BB Ent 8,2,F04,4,1,4,4,3,7,9,85,
BB Ent 8,104,4,5,BB Ent 8 (15-7),na,4_5-Parent BB Ent 8,2,E04,4,1,2,2,1,2,7,85,
BB Ent 8,104,4,7,BB Ent 8 (15-7),na,4_7-Parent BB Ent 8,2,D04,4,1,5,5,5,8,10,100,
BB Ent 8,104,4,8,BB Ent 8 (15-7),na,4_8-Parent BB Ent 8,2,C04,4,1,5,5,5,8,9,100,
BB Ent 8,104,4,9,BB Ent 8 (15-7),na,4_9-Parent BB Ent 8,2,B04,4,1,3,4,4,8,9,100,
BB Ent 3,205,5,21,BB Ent 3 (3-13),na,5_21-Parent BB Ent 3,2,C07,3,2,.,1,1,1,5,80,
BB Ent 3,205,5,22,BB Ent 3 (3-13),na,5_22-Parent BB Ent 3,2,D07,3,2,3,1,1,5,6,60,
BB Ent 3,205,5,23,BB Ent 3 (3-13),na,5_23-Parent BB Ent 3,2,E07,3,2,1,1,1,5,6,50,
BB Ent 3,205,5,24,BB Ent 3 (3-13),na,5_24-Parent BB Ent 3,2,F07,3,2,4,5,5,10,10,45,
BB Ent 3,205,5,25,BB Ent 3 (3-13),na,5_25-Parent BB Ent 3,2,G07,3,2,.,2,3,4,.,55,
BB Ent 3,205,5,26,BB Ent 3 (3-13),na,5_26-Parent BB Ent 3,2,H07,3,2,3,2,2,3,5,100,
BB Ent 3,205,5,28,BB Ent 3 (3-13),na,5_28-Parent BB Ent 3,2,A08,3,2,3,3.5,3,3,8,70,
BB Ent 3,205,5,29,BB Ent 3 (3-13),na,5_29-Parent BB Ent 3,2,B08,3,2,4,3.5,3,6,8,.,
BB Ent 3,205,5,30,BB Ent 3 (3-13),na,5_30-Parent BB Ent 3,2,C08,3,2,3,4,3,7,9,90,
CT3-08,101,1,3,na,na,na,na,na,na,na,.,.,.,.,0,.,
CT3-08,101,1,10,na,na,na,na,na,na,na,1,.,.,.,.,.,
Vernal,102,2,1,na,na,na,na,na,na,na,3,3,2,0,3,10,
Vernal,102,2,2,na,na,na,na,na,na,na,4,4,3,0,4,20,
Vernal,102,2,3,na,na,na,na,na,na,na,5,2,1,0,4,25,
Vernal,102,2,5,na,na,na,na,na,na,na,3,.,.,.,.,.,
Vernal,102,2,6,na,na,na,na,na,na,na,.,.,.,.,.,.,
BB Ent 3,103,3,3,BB Ent 3 (3-13),na,na,na,na,na,na,2,.,.,.,.,.,
BB Ent 3,103,3,5,BB Ent 3 (3-13),na,na,na,na,na,na,3,.,.,.,.,.,
BB Ent 3,103,3,6,BB Ent 3 (3-13),na,na,na,na,na,na,2,.,.,.,.,.,
BB Ent 3,103,3,7,BB Ent 3 (3-13),na,na,na,na,na,na,1,3,.,4,5,45,
BB Ent 8,104,4,6,BB Ent 8 (15-7),na,na,na,na,na,na,4,.,.,.,.,.,
BB Ent 8,202,2,23,BB Ent 8 (15-7),na,na,na,na,na,na,1,1,.,0,5,55,
BB Ent 8,202,2,28,BB Ent 8 (15-7),na,na,na,na,na,na,2,.,.,.,.,.,
BB Ent 3,205,5,27,BB Ent 3 (3-13),na,na,na,na,na,na,.,.,.,.,.,.,
Vernal,208,8,21,na,na,na,na,na,na,na,4,4,3,1,3,40,
Vernal,208,8,22,na,na,na,na,na,na,na,4,3,3,3,3,40,
Vernal,208,8,23,na,na,na,na,na,na,na,5,4,3,0,3,15,aphid free
Vernal,208,8,24,na,na,na,na,na,na,na,1,2,2,3,2,10,
Vernal,208,8,25,na,na,na,na,na,na,na,3,4,3,3,1,10,
Vernal,208,8,26,na,na,na,na,na,na,na,4,4,3,0,1,20,aphid free
Vernal,208,8,27,na,na,na,na,na,na,na,2,3,3,0,1,10,
Vernal,208,8,28,na,na,na,na,na,na,na,4,5,4,6,5,45,
Vernal,208,8,29,na,na,na,na,na,na,na,3,4,3,6,4,40,
Vernal,208,8,30,na,na,na,na,na,na,na,3,4,3,7,7,65,
BB Ent 3,308,18,2,BB Ent 3 (3-13),na,na,na,na,na,na,1,.,.,.,.,.,
BB Ent 3,308,18,8,BB Ent 3 (3-13),na,na,na,na,na,na,.,.,.,.,.,.,
CT3-08,318,13,12,na,na,na,na,na,na,na,.,.,.,.,.,.,
CT3-08,318,13,14,na,na,na,na,na,na,na,4,1,.,4,2,45,
BB Ent 8,319,12,19,BB Ent 8 (15-7),na,na,na,na,na,na,.,.,.,.,.,.,
Vernal,320,11,16,na,na,na,na,na,na,na,4,2,2,.,.,5,
Vernal,320,11,18,na,na,na,na,na,na,na,3,2,2,0,.,5,
Vernal,320,11,12,na,na,na,na,na,na,na,3,5,3,2,.,15,
Vernal,320,11,13,na,na,na,na,na,na,na,3,4,3,2,7,10,
Vernal,320,11,14,na,na,na,na,na,na,na,.,.,.,.,.,.,
Vernal,320,11,15,na,na,na,na,na,na,na,2,4,3,0,1,20,
Vernal,320,11,17,na,na,na,na,na,na,na,5,5,5,0,2,15,aphid free
Vernal,320,11,19,na,na,na,na,na,na,na,4,5,4,5,3,20,
Vernal,320,11,20,na,na,na,na,na,na,na,3,3,2,2,2,10,
CT3-08,404,14,27,na,na,na,na,na,na,na,3,.,.,.,.,.,
CT3-08,404,14,29,na,na,na,na,na,na,na,1,.,.,.,.,.,
Vernal,410,20,21,na,na,na,na,na,na,na,4,5,5,4,1,30,
Vernal,410,20,22,na,na,na,na,na,na,na,4,4,3,5,3,45,
Vernal,410,20,25,na,na,na,na,na,na,na,5,.,.,.,.,.,
Vernal,410,20,27,na,na,na,na,na,na,na,3,3,3,2,3,15,
Vernal,410,20,28,na,na,na,na,na,na,na,2,3,2,0,0,.,
Vernal,410,20,30,na,na,na,na,na,na,na,4,4,3,3,4,20,
BB Ent 3,418,13,32,BB Ent 3 (3-13),na,na,na,na,na,na,2,.,.,2,6,65,
BB Ent 3,418,13,34,BB Ent 3 (3-13),na,na,na,na,na,na,1,.,.,.,.,.,
BB Ent 3,418,13,37,BB Ent 3 (3-13),na,na,na,na,na,na,.,.,.,.,.,.,
BB Ent 3,418,13,38,BB Ent 3 (3-13),na,na,na,na,na,na,2,.,.,.,.,.,
BB Ent 8,419,12,34,BB Ent 8 (15-7),na,na,na,na,na,na,1,.,.,.,.,.,
BB14-4b,110,10,1,15-7,orange,10_1-Cross BB14-4b,4,B07,10,1,5,5,4,8,10,85,
BB14-4b,110,10,10,15-7,orange,10_10-Cross BB14-4b,4,B06,10,1,1,2,2,7,7,75,
BB14-4b,110,10,2,15-7,orange,10_2-Cross BB14-4b,4,A07,10,1,3,4,3,8,9,75,
BB14-4b,110,10,3,15-7,orange,10_3-Cross BB14-4b,4,H06,10,1,3,4,3,6,9,65,
BB14-4b,110,10,4,15-7,orange,10_4-Cross BB14-4b,4,G06,10,1,3,4,3,7,9,60,
BB14-4b,110,10,5,15-7,orange,10_5-Cross BB14-4b,4,F06,10,1,3,4,3,8,10,100,
BB14-4b,110,10,7,15-7,orange,10_7-Cross BB14-4b,4,E06,10,1,3,5,4,8,9,70,
BB14-4b,110,10,8,15-7,orange,10_8-Cross BB14-4b,4,D06,10,1,3,4,3,8,9,100,
BB14-4b,110,10,9,15-7,orange,10_9-Cross BB14-4b,4,C06,10,1,3,4,3,8,9,100,
BB14-4b,301,11,1,15-7,orange,11_1-Cross BB14-4b,4,C07,10,3,1,3,2,6,8,70,
BB14-4b,301,11,10,15-7,orange,11_10-Cross BB14-4b,4,D08,10,3,2,2,.,1,7,65,
BB14-4b,301,11,2,15-7,orange,11_2-Cross BB14-4b,4,D07,10,3,3,3,2,6,9,75,
BB14-4b,301,11,3,15-7,orange,11_3-Cross BB14-4b,4,E07,10,3,4,5,3,9,10,90,
BB14-4b,301,11,4,15-7,orange,11_4-Cross BB14-4b,4,F07,10,3,4,5,4,9,9,75,
BB14-4b,301,11,5,15-7,orange,11_5-Cross BB14-4b,4,G07,10,3,4,5,5,9,10,95,
BB14-4b,301,11,6,15-7,orange,11_6-Cross BB14-4b,4,H07,10,3,4,5,3,9,9,85,
BB14-4b,301,11,7,15-7,orange,11_7-Cross BB14-4b,4,A08,10,3,1,2,2,5,8,65,
BB14-4b,301,11,8,15-7,orange,11_8-Cross BB14-4b,4,B08,10,3,1,3,3,6,8,85,
BB14-4b,301,11,9,15-7,orange,11_9-Cross BB14-4b,4,C08,10,3,3,4,3,9,10,100,
BB14-4b,412,19,31,15-7,orange,19_31-Cross BB14-4b,7,D06,10,4,3,3,3,8,10,85,
BB14-4b,412,19,32,15-7,orange,19_32-Cross BB14-4b,7,E06,10,4,4,5,4,9,10,100,
BB14-4b,412,19,35,15-7,orange,19_35-Cross BB14-4b,7,F06,10,4,2,5,4,9,10,95,
BB14-4b,412,19,36,15-7,orange,19_36-Cross BB14-4b,7,G06,10,4,5,5,5,10,10,100,
BB14-4b,412,19,37,15-7,orange,19_37-Cross BB14-4b,7,H06,10,4,4,4,3,9,9,85,
BB14-4b,412,19,38,15-7,orange,19_38-Cross BB14-4b,7,A07,10,4,5,4,3,9,9,95,
BB14-4b,412,19,39,15-7,orange,19_39-Cross BB14-4b,7,B07,10,4,4,5,5,10,10,100,
BB14-4b,412,19,40,15-7,orange,19_40-Cross BB14-4b,7,C07,10,4,5,5,5,10,10,95,
BB14-3p,311,20,11,CT3-08,orange,20_11-Cross BB14-3p,7,C10,9,3,2,2,2,4,1,.,
BB14-3p,311,20,12,CT3-08,orange,20_12-Cross BB14-3p,7,B10,9,3,2,3,3,4,.,.,
BB14-3p,311,20,13,CT3-08,orange,20_13-Cross BB14-3p,7,A10,9,3,4,4,5,10,10,100,
BB14-3p,311,20,14,CT3-08,orange,20_14-Cross BB14-3p,7,H09,9,3,5,4,4,10,10,100,
BB14-3p,311,20,15,CT3-08,orange,20_15-Cross BB14-3p,7,G09,9,3,3,2,2,4,5,55,
BB14-3p,311,20,16,CT3-08,orange,20_16-Cross BB14-3p,7,F09,9,3,4,4,4,9,10,100,
BB14-3p,311,20,17,CT3-08,orange,20_17-Cross BB14-3p,7,E09,9,3,2,3,3,6,.,.,
BB14-3p,311,20,18,CT3-08,orange,20_18-Cross BB14-3p,7,D09,9,3,1,2,.,2,5,.,
BB14-3p,311,20,19,CT3-08,orange,20_19-Cross BB14-3p,7,C09,9,3,1,3,2,2,.,.,
BB14-3p,311,20,20,CT3-08,orange,20_20-Cross BB14-3p,7,B09,9,3,4,5,5,8,10,90,
BB14-3p,411,20,31,CT3-08,orange,20_31-Cross BB14-3p,7,E08,9,4,1,3,3,8,9,95,
BB14-3p,411,20,32,CT3-08,orange,20_32-Cross BB14-3p,7,D08,9,4,5,4,4,10,10,100,
BB14-3p,411,20,33,CT3-08,orange,20_33-Cross BB14-3p,7,C08,9,4,4,4,3,10,9,100,
BB14-3p,411,20,34,CT3-08,orange,20_34-Cross BB14-3p,7,B08,9,4,2,.,.,5,.,.,
BB14-3p,411,20,35,CT3-08,orange,20_35-Cross BB14-3p,7,A08,9,4,4,4.5,3,10,9,95,
BB14-3p,411,20,36,CT3-08,orange,20_36-Cross BB14-3p,7,H07,9,4,3,3,3,7,5,55,
BB14-3p,411,20,37,CT3-08,orange,20_37-Cross BB14-3p,7,G07,9,4,3,3,2,7,6,75,
BB14-3p,411,20,38,CT3-08,orange,20_38-Cross BB14-3p,7,F07,9,4,3,3,3,9,10,100,
BB14-3p,411,20,39,CT3-08,orange,20_39-Cross BB14-3p,7,E07,9,4,3,.,.,.,.,.,
BB14-3p,411,20,40,CT3-08,orange,20_40-Cross BB14-3p,7,D07,9,4,4,3,3,8,10,100,
BB14-4b,217,4,31,15-7,orange,4_31-Cross BB14-4b,2,F01,10,2,3,3,3,7,8,70,
BB14-4b,217,4,32,15-7,orange,4_32-Cross BB14-4b,2,E01,10,2,4,3,3,6,9,90,
BB14-4b,217,4,33,15-7,orange,4_33-Cross BB14-4b,2,D01,10,2,2,2,1,4,6,55,
BB14-4b,217,4,34,15-7,orange,4_34-Cross BB14-4b,2,C01,10,2,4,4,3,6,9,100,
BB14-4b,217,4,35,15-7,orange,4_35-Cross BB14-4b,2,B01,10,2,3,3,2,5,6,65,
BB14-4b,217,4,36,15-7,orange,4_36-Cross BB14-4b,2,A01,10,2,5,5,3,9,10,95,
BB14-4b,217,4,37,15-7,orange,4_37-Cross BB14-4b,1,F12,10,2,4,5,3,9,10,60,
BB14-4b,217,4,38,15-7,orange,4_38-Cross BB14-4b,1,E12,10,2,3,4,3,9,10,100,
BB14-4b,217,4,39,15-7,orange,4_39-Cross BB14-4b,1,D12,10,2,3,3,3,2,6,65,
BB14-4b,217,4,40,15-7,orange,4_40-Cross BB14-4b,1,C12,10,2,3,5,3.5,9,10,95,
BB14-3p,207,7,21,CT3-08,orange,7_21-Cross BB14-3p,3,A04,9,2,5,5,5,9,10,65,
BB14-3p,207,7,22,CT3-08,orange,7_22-Cross BB14-3p,3,B04,9,2,1,4,3,6,9,80,
BB14-3p,207,7,23,CT3-08,orange,7_23-Cross BB14-3p,3,C04,9,2,2,4,3,6,9,85,
BB14-3p,207,7,24,CT3-08,orange,7_24-Cross BB14-3p,3,D04,9,2,2,2,1,2,6,65,
BB14-3p,207,7,25,CT3-08,orange,7_25-Cross BB14-3p,3,E04,9,2,5,5,5,8,9,75,
BB14-3p,207,7,26,CT3-08,orange,7_26-Cross BB14-3p,3,F04,9,2,1,1,1,4,8,65,
BB14-3p,207,7,27,CT3-08,orange,7_27-Cross BB14-3p,3,G04,9,2,.,1,1,4,.,.,
BB14-3p,207,7,28,CT3-08,orange,7_28-Cross BB14-3p,3,H04,9,2,3,4,3,8,9,95,
BB14-3p,207,7,29,CT3-08,orange,7_29-Cross BB14-3p,3,A05,9,2,1,1,.,1,.,.,
BB14-3p,207,7,30,CT3-08,orange,7_30-Cross BB14-3p,3,B05,9,2,5,5,5,10,10,100,
BB14-3p,109,9,1,CT3-08,orange,9_1-Cross BB14-3p,3,A10,9,1,3,3,3,8,9,80,
BB14-3p,109,9,10,CT3-08,orange,9_10-Cross BB14-3p,3,B11,9,1,1,2,2,5,5,55,
BB14-3p,109,9,2,CT3-08,orange,9_2-Cross BB14-3p,3,B10,9,1,3,5,3,8,9,80,
BB14-3p,109,9,3,CT3-08,orange,9_3-Cross BB14-3p,3,C10,9,1,3,4,3,8,9,75,
BB14-3p,109,9,4,CT3-08,orange,9_4-Cross BB14-3p,3,D10,9,1,5,5,5,8,9,90,aphid free
BB14-3p,109,9,5,CT3-08,orange,9_5-Cross BB14-3p,3,E10,9,1,2,2,2,3,.,.,
BB14-3p,109,9,6,CT3-08,orange,9_6-Cross BB14-3p,3,F10,9,1,2,1,1,2,.,.,
BB14-3p,109,9,7,CT3-08,orange,9_7-Cross BB14-3p,3,G10,9,1,2,3,3,6,6,60,
BB14-3p,109,9,8,CT3-08,orange,9_8-Cross BB14-3p,3,H10,9,1,4,4,3,8,8,90,
BB14-3p,109,9,9,CT3-08,orange,9_9-Cross BB14-3p,3,A11,9,1,5,5,4,9,10,100,
BB14-4b,110,10,6,15-7,orange,na,na,na,na,na,.,.,.,.,.,.,
BB14-4b,412,19,33,15-7,orange,na,na,na,na,na,.,.,.,.,.,.,
BB14-4b,412,19,34,15-7,orange,na,na,na,na,na,3,.,.,.,.,.,
BB14-12b,220,1,31,13-Mar,pink,1_31-Cross BB14-12b,1,F03,18,2,2,1,1,2,2,20,
BB14-12b,220,1,33,13-Mar,pink,1_33-Cross BB14-12b,1,G03,18,2,4,.,.,4,4,.,
BB14-12b,220,1,34,13-Mar,pink,1_34-Cross BB14-12b,1,H03,18,2,3,2,1,5,6,30,
BB14-12b,220,1,35,13-Mar,pink,1_35-Cross BB14-12b,1,A04,18,2,4,1,1,1,6,20,
BB14-12b,220,1,36,13-Mar,pink,1_36-Cross BB14-12b,1,B04,18,2,3,1,1,2,5,25,
BB14-12b,220,1,38,13-Mar,pink,1_38-Cross BB14-12b,1,C04,18,2,4,2,1,6,8,65,
BB14-12b,220,1,40,13-Mar,pink,1_40-Cross BB14-12b,1,D04,18,2,.,2,1,1,9,75,
BB14-11p,316,15,11,CT3-08,pink,15_11-Cross BB14-11p,5,D12,17,3,5,4,4,3,4,55,
BB14-11p,316,15,13,CT3-08,pink,15_13-Cross BB14-11p,5,E12,17,3,5,3.5,3,4,4,15,
BB14-11p,316,15,14,CT3-08,pink,15_14-Cross BB14-11p,5,F12,17,3,3,1,.,.,.,55,
BB14-11p,316,15,15,CT3-08,pink,15_15-Cross BB14-11p,6,A01,17,3,3,3,3,2,3,60,
BB14-11p,316,15,16,CT3-08,pink,15_16-Cross BB14-11p,6,B01,17,3,3,3,3,2,3,55,
BB14-11p,316,15,17,CT3-08,pink,15_17-Cross BB14-11p,6,C01,17,3,1,3,3,2,2,70,
BB14-11p,316,15,18,CT3-08,pink,15_18-Cross BB14-11p,6,D01,17,3,3,3,3,2,3,75,
BB14-11p,316,15,20,CT3-08,pink,15_20-Cross BB14-11p,6,E01,17,3,3,3,3,2,2,25,
BB14-12b,407,17,22,13-Mar,pink,17_22-Cross BB14-12b,6,A10,18,4,1,.,.,1,.,.,
BB14-12b,407,17,26,13-Mar,pink,17_26-Cross BB14-12b,6,H09,18,4,3,3,3,2,3,40,
BB14-12b,407,17,28,13-Mar,pink,17_28-Cross BB14-12b,6,B10,18,4,1,1,1,6,8,60,
BB14-12b,407,17,29,13-Mar,pink,17_29-Cross BB14-12b,6,C10,18,4,3,2,1,6,.,65,
BB14-12b,407,17,30,13-Mar,pink,17_30-Cross BB14-12b,6,D10,18,4,3,4,3,8,10,80,
BB14-11p,413,18,31,CT3-08,pink,18_31-Cross BB14-11p,6,A12,17,4,3,1,1,4,5,45,
BB14-11p,413,18,32,CT3-08,pink,18_32-Cross BB14-11p,6,H11,17,4,5,1,1,4,.,.,aphid free
BB14-11p,413,18,35,CT3-08,pink,18_35-Cross BB14-11p,6,G11,17,4,4,3.5,2,6,8,65,
BB14-11p,413,18,36,CT3-08,pink,18_36-Cross BB14-11p,6,F11,17,4,4,1,1,2,.,.,
BB14-11p,413,18,38,CT3-08,pink,18_38-Cross BB14-11p,6,E11,17,4,3,2,1,5,5,45,
BB14-11p,413,18,39,CT3-08,pink,18_39-Cross BB14-11p,6,D11,17,4,5,1,1,5,.,.,
BB14-11p,413,18,40,CT3-08,pink,18_40-Cross BB14-11p,6,C11,17,4,5,2,1,5,.,.,
BB14-12b,309,19,1,13-Mar,pink,19_1-Cross BB14-12b,7,F03,18,3,3,2,2,2,3,55,
BB14-12b,309,19,10,13-Mar,pink,19_10-Cross BB14-12b,7,A04,18,3,4,3,3,2,5,70,
BB14-12b,309,19,2,13-Mar,pink,19_2-Cross BB14-12b,7,G03,18,3,4,3,3,6,5,55,
BB14-12b,309,19,7,13-Mar,pink,19_7-Cross BB14-12b,7,H03,18,3,4,1,1,2,5,.,
BB14-12b,118,3,11,13-Mar,pink,3_11-Cross BB14-12b,1,B09,18,1,3,3,3,4,7,70,
BB14-12b,118,3,14,13-Mar,pink,3_14-Cross BB14-12b,1,C09,18,1,3,3,3,4,7,65,
BB14-12b,118,3,15,13-Mar,pink,3_15-Cross BB14-12b,1,D09,18,1,5,5,4.5,4,7,50,
BB14-12b,118,3,17,13-Mar,pink,3_17-Cross BB14-12b,1,E09,18,1,2,.,1,.,.,40,
BB14-12b,118,3,18,13-Mar,pink,3_18-Cross BB14-12b,1,F09,18,1,5,2,1,1,6,35,
BB14-12b,118,3,19,13-Mar,pink,3_19-Cross BB14-12b,1,G09,18,1,2,3,2,2,4,35,
BB14-11p,117,4,11,CT3-08,pink,4_11-Cross BB14-11p,2,H03,17,1,3,4,3,2,.,.,
BB14-11p,117,4,12,CT3-08,pink,4_12-Cross BB14-11p,2,G03,17,1,2,3,3,2,4,55,
BB14-11p,117,4,13,CT3-08,pink,4_13-Cross BB14-11p,2,F03,17,1,4,4,3,2,6,40,
BB14-11p,117,4,14,CT3-08,pink,4_14-Cross BB14-11p,2,E03,17,1,3,3,3,0,2,15,
BB14-11p,117,4,16,CT3-08,pink,4_16-Cross BB14-11p,2,D03,17,1,5,3,3,1,2,10,aphid free
BB14-11p,117,4,17,CT3-08,pink,4_17-Cross BB14-11p,2,C03,17,1,5,4.5,3,2,3,25,
BB14-11p,117,4,19,CT3-08,pink,4_19-Cross BB14-11p,2,B03,17,1,4,4,3,1,3,20,
BB14-11p,117,4,20,CT3-08,pink,4_20-Cross BB14-11p,2,A03,17,1,4,4,3,1,3,10,aphid free
BB14-11p,209,9,21,CT3-08,pink,9_21-Cross BB14-11p,3,E12,17,2,4,4,3,4,5,15,
BB14-11p,209,9,22,CT3-08,pink,9_22-Cross BB14-11p,3,F12,17,2,4,2,2,2,2,5,
BB14-11p,209,9,23,CT3-08,pink,9_23-Cross BB14-11p,4,A01,17,2,4,4,3,3,2,20,
BB14-11p,209,9,24,CT3-08,pink,9_24-Cross BB14-11p,4,B01,17,2,3,3,3,6,8,85,
BB14-11p,209,9,25,CT3-08,pink,9_25-Cross BB14-11p,4,C01,17,2,3,3,3,3,5,40,
BB14-11p,209,9,26,CT3-08,pink,9_26-Cross BB14-11p,4,D01,17,2,.,.,.,3,6,.,
BB14-11p,209,9,27,CT3-08,pink,9_27-Cross BB14-11p,4,E01,17,2,4,4,3,0,4,30,
BB14-11p,209,9,28,CT3-08,pink,9_28-Cross BB14-11p,4,F01,17,2,4,4,3,6,7,65,
BB14-11p,209,9,29,CT3-08,pink,9_29-Cross BB14-11p,4,G01,17,2,4,3,3,2,6,60,
BB14-11p,209,9,30,CT3-08,pink,9_30-Cross BB14-11p,4,H01,17,2,4,4,3,2,4,30,
BB14-11p,117,4,15,CT3-08,pink,na,na,na,na,na,3,.,.,1,.,.,
BB14-11p,117,4,18,CT3-08,pink,na,na,na,na,na,3,.,.,1,.,.,
BB14-12b,118,3,12,13-Mar,pink,na,na,na,na,na,3,.,.,.,.,.,
BB14-12b,118,3,13,13-Mar,pink,na,na,na,na,na,4,.,.,.,.,.,
BB14-12b,118,3,16,13-Mar,pink,na,na,na,na,na,.,.,.,.,.,.,
BB14-12b,118,3,20,13-Mar,pink,na,na,na,na,na,2,.,.,.,.,.,
BB14-12b,220,1,39,13-Mar,pink,na,na,na,18,2,.,2,1,10,9,85,
BB14-12b,220,1,32,13-Mar,pink,na,na,na,na,na,.,.,.,5,.,.,
BB14-12b,220,1,37,13-Mar,pink,na,na,na,na,na,.,1,.,.,.,.,
BB14-12b,309,19,8,13-Mar,pink,na,na,na,na,na,.,.,.,.,.,.,
BB14-12b,309,19,9,13-Mar,pink,na,na,na,na,na,.,.,.,.,.,.,
BB14-12b,309,19,3,13-Mar,pink,na,na,na,na,na,3,.,.,.,.,.,
BB14-12b,309,19,4,13-Mar,pink,na,na,na,na,na,2,.,.,.,.,.,
BB14-12b,309,19,5,13-Mar,pink,na,na,na,na,na,1,.,.,.,.,.,
BB14-12b,309,19,6,13-Mar,pink,na,na,na,na,na,1,.,.,.,.,.,
BB14-11p,316,15,12,CT3-08,pink,na,na,na,na,na,3,.,.,.,.,.,
BB14-11p,316,15,19,CT3-08,pink,na,na,na,na,na,1,.,.,.,.,.,
BB14-12b,407,17,21,13-Mar,pink,na,na,na,na,na,.,.,.,.,.,.,
BB14-12b,407,17,23,13-Mar,pink,na,na,na,na,na,3,.,.,.,.,.,
BB14-12b,407,17,24,13-Mar,pink,na,na,na,na,na,1,.,.,.,.,.,
BB14-12b,407,17,25,13-Mar,pink,na,na,na,na,na,3,.,.,.,.,.,
BB14-12b,407,17,27,13-Mar,pink,na,na,na,na,na,1,.,.,.,.,10,
BB14-11p,413,18,33,CT3-08,pink,na,na,na,na,na,5,.,.,.,.,.,nice. aphid free
BB14-11p,413,18,34,CT3-08,pink,na,na,na,na,na,4,1,.,.,.,.,
BB14-11p,413,18,37,CT3-08,pink,na,na,na,na,na,3,.,.,.,.,.,
BB14-14b,120,1,11,13-Mar,red,1_11-Cross BB14-14b,1,A02,20,1,3,4,4,2,4,25,
BB14-14b,120,1,12,13-Mar,red,1_12-Cross BB14-14b,1,B02,20,1,4,4.5,4,2,4,15,
BB14-14b,120,1,13,13-Mar,red,1_13-Cross BB14-14b,1,C02,20,1,5,5,5,3,5,20,
BB14-14b,120,1,14,13-Mar,red,1_14-Cross BB14-14b,1,D02,20,1,4,4,3,4,5,10,
BB14-14b,120,1,16,13-Mar,red,1_16-Cross BB14-14b,1,E02,20,1,5,3,3,2,7,65,
BB14-14b,120,1,17,13-Mar,red,1_17-Cross BB14-14b,1,F02,20,1,5,4,4,2,5,25,
BB14-14b,120,1,18,13-Mar,red,1_18-Cross BB14-14b,1,G02,20,1,4,1,1,.,1,10,
BB14-14b,120,1,19,13-Mar,red,1_19-Cross BB14-14b,1,H02,20,1,2,1,1,5,9,55,
BB14-14b,120,1,20,13-Mar,red,1_20-Cross BB14-14b,1,A03,20,1,3,3,2,6,9,45,
BB14-13p,303,13,1,CT3-08,red,13_1-Cross BB14-13p,5,E03,19,3,4,4,3,2,7,35,
BB14-13p,303,13,10,CT3-08,red,13_10-Cross BB14-13p,5,E04,19,3,3,2,3,1,.,.,
BB14-13p,303,13,2,CT3-08,red,13_2-Cross BB14-13p,5,F03,19,3,3,2,2,1,6,55,
BB14-13p,303,13,3,CT3-08,red,13_3-Cross BB14-13p,5,G03,19,3,4,2,1,4,6,35,
BB14-13p,303,13,5,CT3-08,red,13_5-Cross BB14-13p,5,H03,19,3,3,4,3,5,8,55,
BB14-13p,303,13,6,CT3-08,red,13_6-Cross BB14-13p,5,A04,19,3,3,4,3,2,7,15,
BB14-13p,303,13,7,CT3-08,red,13_7-Cross BB14-13p,5,B04,19,3,4,4,3,1,7,40,
BB14-13p,303,13,8,CT3-08,red,13_8-Cross BB14-13p,5,C04,19,3,3,5,3,1,6,65,
BB14-13p,303,13,9,CT3-08,red,13_9-Cross BB14-13p,5,D04,19,3,2,2,3,4,6,50,
BB14-14b,406,16,23,13-Mar,red,16_23-Cross BB14-14b,6,B05,20,4,4,4,3,2,8,80,
BB14-14b,406,16,24,13-Mar,red,16_24-Cross BB14-14b,6,A05,20,4,.,2,3,6,7,65,
BB14-14b,406,16,25,13-Mar,red,16_25-Cross BB14-14b,6,H04,20,4,4,2,3,3,8,50,
BB14-14b,406,16,27,13-Mar,red,16_27-Cross BB14-14b,6,G04,20,4,1,2,2,3,7,65,
BB14-14b,406,16,28,13-Mar,red,16_28-Cross BB14-14b,6,F04,20,4,4,5,5,8,9,90,
BB14-14b,313,18,12,13-Mar,red,18_12-Cross BB14-14b,7,E02,20,3,4,3,3,2,3,10,
BB14-14b,313,18,13,13-Mar,red,18_13-Cross BB14-14b,7,D02,20,3,4,3,3,6,4,45,
BB14-14b,313,18,14,13-Mar,red,18_14-Cross BB14-14b,7,C02,20,3,4,2,3,4,7,35,
BB14-14b,313,18,15,13-Mar,red,18_15-Cross BB14-14b,7,B02,20,3,.,1,.,4,.,.,
BB14-14b,313,18,16,13-Mar,red,18_16-Cross BB14-14b,7,A02,20,3,4,.,.,5,.,.,
BB14-14b,313,18,17,13-Mar,red,18_17-Cross BB14-14b,7,H01,20,3,5,5,5,9,10,85,
BB14-14b,313,18,18,13-Mar,red,18_18-Cross BB14-14b,7,G01,20,3,4,2,2,3,4,.,
BB14-14b,313,18,20,13-Mar,red,18_20-Cross BB14-14b,7,F01,20,3,4,4,3,3,4,35,
BB14-13p,408,18,21,CT3-08,red,18_21-Cross BB14-13p,7,E01,19,4,3,2,2,3,5,40,
BB14-13p,408,18,22,CT3-08,red,18_22-Cross BB14-13p,7,D01,19,4,3,4,3,5,4,20,
BB14-13p,408,18,23,CT3-08,red,18_23-Cross BB14-13p,7,C01,19,4,4,4,3,1,4,20,
BB14-13p,408,18,24,CT3-08,red,18_24-Cross BB14-13p,7,B01,19,4,1,.,.,2,.,.,
BB14-13p,408,18,25,CT3-08,red,18_25-Cross BB14-13p,7,A01,19,4,3,3,2,4,5,40,
BB14-13p,408,18,26,CT3-08,red,18_26-Cross BB14-13p,6,F12,19,4,4,3,2,4,4,65,
BB14-13p,408,18,27,CT3-08,red,18_27-Cross BB14-13p,6,E12,19,4,2,2,2,2,5,10,
BB14-13p,408,18,28,CT3-08,red,18_28-Cross BB14-13p,6,D12,19,4,3,2,2,2,6,35,
BB14-13p,408,18,29,CT3-08,red,18_29-Cross BB14-13p,6,C12,19,4,4,3,3,5,5,45,
BB14-13p,408,18,30,CT3-08,red,18_30-Cross BB14-13p,6,B12,19,4,3,3,2,1,.,.,
BB14-13p,119,2,11,CT3-08,red,2_11-Cross BB14-13p,1,F07,19,1,3,3,2,1,4,.,
BB14-13p,119,2,12,CT3-08,red,2_12-Cross BB14-13p,1,E07,19,1,4,4,3,4,4,.,
BB14-13p,119,2,13,CT3-08,red,2_13-Cross BB14-13p,1,D07,19,1,4,4,3,1,5,35,
BB14-13p,119,2,14,CT3-08,red,2_14-Cross BB14-13p,1,C07,19,1,3,2,1,0,4,10,
BB14-13p,119,2,15,CT3-08,red,2_15-Cross BB14-13p,1,B07,19,1,4,3,2,2,5,.,
BB14-13p,119,2,16,CT3-08,red,2_16-Cross BB14-13p,1,A07,19,1,4,4,3,1,4,.,
BB14-13p,119,2,17,CT3-08,red,2_17-Cross BB14-13p,1,H06,19,1,4,4,3,5,5,20,
BB14-13p,119,2,18,CT3-08,red,2_18-Cross BB14-13p,1,G06,19,1,4,2,2,2,4,20,
BB14-13p,119,2,19,CT3-08,red,2_19-Cross BB14-13p,1,F06,19,1,5,5,4,2,5,20,
BB14-13p,119,2,20,CT3-08,red,2_20-Cross BB14-13p,1,E06,19,1,4,2,2,2,5,35,
BB14-14b,214,7,32,13-Mar,red,7_32-Cross BB14-14b,3,C05,20,2,2,2,2,3,3,.,
BB14-14b,214,7,33,13-Mar,red,7_33-Cross BB14-14b,3,D05,20,2,3,4,3.5,4,3,45,
BB14-14b,214,7,34,13-Mar,red,7_34-Cross BB14-14b,3,E05,20,2,1,2,1,3,.,.,
BB14-14b,214,7,35,13-Mar,red,7_35-Cross BB14-14b,3,F05,20,2,4,5,4,1,1,30,
BB14-14b,214,7,36,13-Mar,red,7_36-Cross BB14-14b,3,G05,20,2,3,2,2,3,3,45,
BB14-14b,214,7,37,13-Mar,red,7_37-Cross BB14-14b,3,H05,20,2,4,4,3,3,5,60,
BB14-14b,214,7,38,13-Mar,red,7_38-Cross BB14-14b,3,A06,20,2,1,1,1,1,3,45,
BB14-14b,214,7,39,13-Mar,red,7_39-Cross BB14-14b,3,B06,20,2,3,2,1,2,6,.,
BB14-14b,214,7,40,13-Mar,red,7_40-Cross BB14-14b,3,C06,20,2,3,1,1,2,4,.,
BB14-13p,212,9,31,CT3-08,red,9_31-Cross BB14-13p,4,A02,19,2,3,5,4,1,5,65,
BB14-13p,212,9,32,CT3-08,red,9_32-Cross BB14-13p,4,B02,19,2,5,5,4,9,9,80,
BB14-13p,212,9,34,CT3-08,red,9_34-Cross BB14-13p,4,C02,19,2,4,.,.,.,.,.,
BB14-13p,212,9,35,CT3-08,red,9_35-Cross BB14-13p,4,D02,19,2,4,4,3,8,8,65,
BB14-13p,212,9,36,CT3-08,red,9_36-Cross BB14-13p,4,E02,19,2,4,2,2,5,.,.,
BB14-13p,212,9,37,CT3-08,red,9_37-Cross BB14-13p,4,F02,19,2,2,2,2,5,2,30,
BB14-13p,212,9,40,CT3-08,red,9_40-Cross BB14-13p,4,G02,19,2,3,3,3,0,2,30,
BB14-14b,120,1,15,13-Mar,red,na,na,na,na,na,.,.,.,.,.,.,
BB14-13p,212,9,33,CT3-08,red,na,na,na,na,na,1,.,.,.,.,.,
BB14-13p,212,9,38,CT3-08,red,na,na,na,na,na,2,.,.,.,3,69,
BB14-13p,212,9,39,CT3-08,red,na,na,na,na,na,4,.,.,.,.,.,
BB14-14b,214,7,31,13-Mar,red,na,na,na,na,na,.,.,.,0,9,55,
BB14-13p,303,13,4,CT3-08,red,na,na,na,na,na,2,.,.,.,.,.,
BB14-14b,313,18,11,13-Mar,red,na,na,na,na,na,1,.,.,.,.,.,
BB14-14b,313,18,19,13-Mar,red,na,na,na,na,na,4,.,.,.,.,.,
BB14-14b,406,16,21,13-Mar,red,na,na,na,na,na,2,.,.,.,.,.,
BB14-14b,406,16,22,13-Mar,red,na,na,na,na,na,2,.,.,.,.,.,
BB14-14b,406,16,26,13-Mar,red,na,na,na,na,na,5,.,.,.,.,.,
BB14-14b,406,16,29,13-Mar,red,na,na,na,na,na,1,.,.,.,.,.,
BB14-14b,406,16,30,13-Mar,red,na,na,na,na,na,2,.,.,.,.,.,
BB14-5p,111,10,11,CT3-08,white,10_11-Cross BB14-5p,4,A06,11,1,3,4,4,6,7,70,
BB14-5p,111,10,12,CT3-08,white,10_12-Cross BB14-5p,4,H05,11,1,3,4,3,8,9,85,
BB14-5p,111,10,13,CT3-08,white,10_13-Cross BB14-5p,4,G05,11,1,4,4,3,6,6,70,
BB14-5p,111,10,14,CT3-08,white,10_14-Cross BB14-5p,4,F05,11,1,3,4,2,4,7,55,
BB14-5p,111,10,15,CT3-08,white,10_15-Cross BB14-5p,4,E05,11,1,3,3,2,4,6,55,
BB14-5p,111,10,17,CT3-08,white,10_17-Cross BB14-5p,4,D05,11,1,4,3,3,4,8,45,
BB14-5p,111,10,18,CT3-08,white,10_18-Cross BB14-5p,4,C05,11,1,3,4,4,6,9,90,
BB14-5p,111,10,19,CT3-08,white,10_19-Cross BB14-5p,4,B05,11,1,4,2,2,2,4,.,
BB14-5p,111,10,20,CT3-08,white,10_20-Cross BB14-5p,4,A05,11,1,3,4,3,7,8,70,
BB14-5p,210,10,21,CT3-08,white,10_21-Cross BB14-5p,4,H04,11,2,3,3,3,7,7,85,
BB14-5p,210,10,22,CT3-08,white,10_22-Cross BB14-5p,4,G04,11,2,3,4,3,4,4,35,
BB14-5p,210,10,23,CT3-08,white,10_23-Cross BB14-5p,4,F04,11,2,4,5,3,7,9,80,
BB14-5p,210,10,24,CT3-08,white,10_24-Cross BB14-5p,4,E04,11,2,4,5,4,7,8,85,
BB14-5p,210,10,25,CT3-08,white,10_25-Cross BB14-5p,4,D04,11,2,4,4,3,7,9,55,
BB14-5p,210,10,26,CT3-08,white,10_26-Cross BB14-5p,4,C04,11,2,3,2,1,2,5,25,
BB14-5p,210,10,27,CT3-08,white,10_27-Cross BB14-5p,4,B04,11,2,3,2,1,2,.,.,
BB14-5p,210,10,28,CT3-08,white,10_28-Cross BB14-5p,4,A04,11,2,4,4,3,3,6,65,
BB14-5p,420,11,31,CT3-08,white,11_31-Cross BB14-5p,4,F09,11,4,4,5,4,7,7,40,
BB14-5p,420,11,32,CT3-08,white,11_32-Cross BB14-5p,4,G09,11,4,5,4,4,8,10,85,
BB14-5p,420,11,33,CT3-08,white,11_33-Cross BB14-5p,4,H09,11,4,1,2,2,8,9,65,
BB14-5p,420,11,34,CT3-08,white,11_34-Cross BB14-5p,4,A10,11,4,1,2,2,6,9,80,
BB14-5p,420,11,36,CT3-08,white,11_36-Cross BB14-5p,4,B10,11,4,5,4,4,8,10,100,
BB14-5p,420,11,38,CT3-08,white,11_38-Cross BB14-5p,4,C10,11,4,4,4,3,2,4,50,
BB14-5p,420,11,39,CT3-08,white,11_39-Cross BB14-5p,4,D10,11,4,3,4,3,6,8,80,
BB14-5p,420,11,40,CT3-08,white,11_40-Cross BB14-5p,4,E10,11,4,4,5,4,7,9,60,
BB14-6b,304,14,1,15-7,white,14_1-Cross BB14-6b,5,C11,12,3,.,1,1,.,1,10,
BB14-6b,304,14,10,15-7,white,14_10-Cross BB14-6b,5,E10,12,3,4,4,3,5,8,60,
BB14-6b,304,14,5,15-7,white,14_5-Cross BB14-6b,5,B11,12,3,4,2,3,7,8,55,
BB14-6b,304,14,6,15-7,white,14_6-Cross BB14-6b,5,A11,12,3,4,3.5,3,6,5,60,
BB14-6b,304,14,7,15-7,white,14_7-Cross BB14-6b,5,H10,12,3,3,3,2,5,4,65,
BB14-6b,304,14,8,15-7,white,14_8-Cross BB14-6b,5,G10,12,3,4,5,5,8,10,89,
BB14-6b,304,14,9,15-7,white,14_9-Cross BB14-6b,5,F10,12,3,4,5,5,7,9,65,
BB14-5p,305,15,1,CT3-08,white,15_1-Cross BB14-5p,5,D11,11,3,4,4.5,3,6,9,95,
BB14-5p,305,15,3,CT3-08,white,15_3-Cross BB14-5p,5,E11,11,3,4,5,4,8,9,95,
BB14-6b,416,15,31,15-7,white,15_31-Cross BB14-6b,6,G02,12,4,5,5,4,9,8,90,
BB14-6b,416,15,34,15-7,white,15_34-Cross BB14-6b,6,H02,12,4,4,.,.,.,.,.,
BB14-6b,416,15,35,15-7,white,15_35-Cross BB14-6b,6,A03,12,4,3,4,3,8,8,75,
BB14-6b,416,15,36,15-7,white,15_36-Cross BB14-6b,6,B03,12,4,5,4,3,9,10,100,
BB14-6b,416,15,37,15-7,white,15_37-Cross BB14-6b,6,C03,12,4,1,3,3,5,8,50,
BB14-6b,416,15,38,15-7,white,15_38-Cross BB14-6b,6,D03,12,4,3,.,.,.,.,.,
BB14-6b,416,15,39,15-7,white,15_39-Cross BB14-6b,6,E03,12,4,3,4,.,6,9,90,
BB14-5p,305,15,4,CT3-08,white,15_4-Cross BB14-5p,5,F11,11,3,4,5,4,8,9,80,
BB14-6b,416,15,40,15-7,white,15_40-Cross BB14-6b,6,F03,12,4,5,4,4,9,10,100,
BB14-5p,305,15,5,CT3-08,white,15_5-Cross BB14-5p,5,G11,11,3,4,3,3,6,7,50,
BB14-5p,305,15,6,CT3-08,white,15_6-Cross BB14-5p,5,H11,11,3,3,3,3,6,9,60,
BB14-5p,305,15,7,CT3-08,white,15_7-Cross BB14-5p,5,A12,11,3,4,4,4,6,9,65,
BB14-5p,305,15,8,CT3-08,white,15_8-Cross BB14-5p,5,B12,11,3,4,4,4,6,6,55,
BB14-5p,305,15,9,CT3-08,white,15_9-Cross BB14-5p,5,C12,11,3,5,5,5,8,8,75,
BB14-6b,215,6,31,15-7,white,6_31-Cross BB14-6b,2,E10,12,2,4,5,4,5,7,55,
BB14-6b,215,6,32,15-7,white,6_32-Cross BB14-6b,2,D10,12,2,3,5,3,6,7,70,
BB14-6b,215,6,33,15-7,white,6_33-Cross BB14-6b,2,C10,12,2,4,5,3,6,5,50,
BB14-6b,215,6,34,15-7,white,6_34-Cross BB14-6b,2,B10,12,2,4,5,3,6,5,75,
BB14-6b,215,6,35,15-7,white,6_35-Cross BB14-6b,2,A10,12,2,3,4,3,7,6,75,
BB14-6b,215,6,36,15-7,white,6_36-Cross BB14-6b,2,H09,12,2,4,5,3.5,9,9,100,
BB14-6b,215,6,37,15-7,white,6_37-Cross BB14-6b,2,G09,12,2,4,4,4,3,6,80,
BB14-6b,215,6,38,15-7,white,6_38-Cross BB14-6b,2,F09,12,2,4,4,3,3,6,30,
BB14-6b,215,6,39,15-7,white,6_39-Cross BB14-6b,2,E09,12,2,5,4,3,4,8,80,
BB14-6b,215,6,40,15-7,white,6_40-Cross BB14-6b,2,D09,12,2,4,4,3,6,8,85,
BB14-6b,112,9,11,15-7,white,9_11-Cross BB14-6b,3,C11,12,1,5,5,5,8,10,100,
BB14-6b,112,9,12,15-7,white,9_12-Cross BB14-6b,3,D11,12,1,4,4,3,6,8,65,
BB14-6b,112,9,13,15-7,white,9_13-Cross BB14-6b,3,E11,12,1,2,3,2,3,6,40,
BB14-6b,112,9,14,15-7,white,9_14-Cross BB14-6b,3,F11,12,1,4,5,3,9,10,100,
BB14-6b,112,9,15,15-7,white,9_15-Cross BB14-6b,3,G11,12,1,5,5,4,9,10,100,
BB14-6b,112,9,16,15-7,white,9_16-Cross BB14-6b,3,H11,12,1,5,5,4,9,10,95,
BB14-6b,112,9,17,15-7,white,9_17-Cross BB14-6b,3,A12,12,1,3,4,4,7,8,80,
BB14-6b,112,9,18,15-7,white,9_18-Cross BB14-6b,3,B12,12,1,3,4,3,6,8,75,
BB14-6b,112,9,19,15-7,white,9_19-Cross BB14-6b,3,C12,12,1,3,4,3,5,6,60,
BB14-6b,112,9,20,15-7,white,9_20-Cross BB14-6b,3,D12,12,1,3,4,3,6,9,65,
BB14-5p,111,10,16,CT3-08,white,na,na,na,na,na,3,.,2,.,6,55,
BB14-5p,210,10,29,CT3-08,white,na,na,na,na,na,1,.,.,.,.,.,
BB14-5p,210,10,30,CT3-08,white,na,na,na,na,na,2,4,2,.,8,85,
BB14-6b,304,14,2,15-7,white,na,na,na,na,na,.,.,.,.,.,.,
BB14-6b,304,14,3,15-7,white,na,na,na,na,na,3,.,.,.,.,.,
BB14-6b,304,14,4,15-7,white,na,na,na,na,na,.,.,.,.,.,85,
BB14-5p,305,15,2,CT3-08,white,na,na,na,na,na,2,.,.,.,.,.,
BB14-5p,305,15,10,CT3-08,white,na,na,na,na,na,3,.,.,.,.,.,
BB14-6b,416,15,32,15-7,white,na,na,na,na,na,3,.,.,.,.,.,
BB14-6b,416,15,33,15-7,white,na,na,na,na,na,1,.,.,.,.,.,
BB14-5p,420,11,35,CT3-08,white,na,na,na,na,na,3,.,2,.,.,.,
BB14-5p,420,11,37,CT3-08,white,na,na,na,na,na,2,.,.,.,.,.,
BB14-9p,211,10,31,CT3-08,yellow,10_31-Cross BB14-9p,4,H03,15,2,3,4,3,8,10,75,
BB14-9p,211,10,32,CT3-08,yellow,10_32-Cross BB14-9p,4,G03,15,2,3,4,3,9,10,85,
BB14-9p,211,10,33,CT3-08,yellow,10_33-Cross BB14-9p,4,F03,15,2,4,5,5,9,10,90,
BB14-9p,211,10,34,CT3-08,yellow,10_34-Cross BB14-9p,4,E03,15,2,1,4,3,9,9,65,
BB14-9p,211,10,35,CT3-08,yellow,10_35-Cross BB14-9p,4,D03,15,2,3,5,4,10,10,100,
BB14-9p,211,10,36,CT3-08,yellow,10_36-Cross BB14-9p,4,C03,15,2,3,3,3,7,7,55,
BB14-9p,211,10,37,CT3-08,yellow,10_37-Cross BB14-9p,4,B03,15,2,4,4.5,4.5,9,10,100,
BB14-9p,211,10,38,CT3-08,yellow,10_38-Cross BB14-9p,4,A03,15,2,3,3,3,2,8,65,
BB14-9p,211,10,39,CT3-08,yellow,10_39-Cross BB14-9p,4,H02,15,2,3,4,3,5,6,60,
BB14-9p,403,13,21,CT3-08,yellow,13_21-Cross BB14-9p,5,F05,15,4,4,5,5,10,10,75,
BB14-9p,403,13,22,CT3-08,yellow,13_22-Cross BB14-9p,5,G05,15,4,2,4,3,8,9,85,
BB14-9p,403,13,23,CT3-08,yellow,13_23-Cross BB14-9p,5,H05,15,4,5,4,3,10,10,80,
BB14-9p,403,13,24,CT3-08,yellow,13_24-Cross BB14-9p,5,A06,15,4,4,4,3,10,10,100,
BB14-9p,403,13,25,CT3-08,yellow,13_25-Cross BB14-9p,5,B06,15,4,4,3,3,8,9,85,
BB14-9p,403,13,26,CT3-08,yellow,13_26-Cross BB14-9p,5,C06,15,4,4,4,3,7,7,75,
BB14-9p,403,13,27,CT3-08,yellow,13_27-Cross BB14-9p,5,D06,15,4,4,3,3,2,2,75,
BB14-9p,403,13,28,CT3-08,yellow,13_28-Cross BB14-9p,5,E06,15,4,4,3,3,8,9,35,
BB14-9p,403,13,29,CT3-08,yellow,13_29-Cross BB14-9p,5,F06,15,4,5,4,4,6,.,90,
BB14-9p,403,13,30,CT3-08,yellow,13_30-Cross BB14-9p,5,G06,15,4,1,.,.,.,8,.,
BB14-10b,315,16,11,15-7,yellow,16_11-Cross BB14-10b,6,E06,16,3,3,3,2,6,8,70,
BB14-10b,315,16,12,15-7,yellow,16_12-Cross BB14-10b,6,D06,16,3,3,4,3,7,9,60,
BB14-10b,315,16,13,15-7,yellow,16_13-Cross BB14-10b,6,C06,16,3,4,4,3,7,9,75,
BB14-10b,315,16,14,15-7,yellow,16_14-Cross BB14-10b,6,B06,16,3,3,5,5,9,9,85,
BB14-10b,315,16,15,15-7,yellow,16_15-Cross BB14-10b,6,A06,16,3,3,4.5,4,9,9,80,
BB14-10b,315,16,16,15-7,yellow,16_16-Cross BB14-10b,6,G05,16,3,2,1,1,3,5,.,
BB14-10b,315,16,17,15-7,yellow,16_17-Cross BB14-10b,6,F05,16,3,3,5,3,9,9,95,
BB14-10b,315,16,18,15-7,yellow,16_18-Cross BB14-10b,6,E05,16,3,3,4,3,9,9,75,
BB14-10b,315,16,19,15-7,yellow,16_19-Cross BB14-10b,6,D05,16,3,3,5,5,9,9,95,
BB14-10b,315,16,20,15-7,yellow,16_20-Cross BB14-10b,6,C05,16,3,4,5,5,8,8,70,
BB14-9p,312,19,11,CT3-08,yellow,19_11-Cross BB14-9p,7,B04,15,3,4,3,3,8,7,70,
BB14-9p,312,19,12,CT3-08,yellow,19_12-Cross BB14-9p,7,C04,15,3,4,4.5,4,5,5,55,
BB14-9p,312,19,14,CT3-08,yellow,19_14-Cross BB14-9p,7,D04,15,3,2,3,2,6,6,60,
BB14-9p,312,19,15,CT3-08,yellow,19_15-Cross BB14-9p,7,E04,15,3,4,5,5,8,6,65,
BB14-9p,312,19,16,CT3-08,yellow,19_16-Cross BB14-9p,7,F04,15,3,2,2,1,8,8,35,
BB14-9p,312,19,17,CT3-08,yellow,19_17-Cross BB14-9p,7,G04,15,3,4,3,3,8,7,70,
BB14-9p,312,19,18,CT3-08,yellow,19_18-Cross BB14-9p,7,H04,15,3,3,3,3,6,6,40,
BB14-9p,312,19,20,CT3-08,yellow,19_20-Cross BB14-9p,7,A05,15,3,4,5,4.5,9,9,85,
BB14-10b,409,19,21,15-7,yellow,19_21-Cross BB14-10b,7,B05,16,4,4,5,5,8,9,80,
BB14-10b,409,19,22,15-7,yellow,19_22-Cross BB14-10b,7,C05,16,4,1,2,2,6,7,.,
BB14-10b,409,19,23,15-7,yellow,19_23-Cross BB14-10b,7,D05,16,4,4,4,4,8,9,85,
BB14-10b,409,19,24,15-7,yellow,19_24-Cross BB14-10b,7,E05,16,4,3,2,2,4,6,55,
BB14-10b,409,19,25,15-7,yellow,19_25-Cross BB14-10b,7,F05,16,4,4,3.5,3,7,8,80,
BB14-10b,409,19,26,15-7,yellow,19_26-Cross BB14-10b,7,G05,16,4,3,4,3,8,10,85,
BB14-10b,409,19,27,15-7,yellow,19_27-Cross BB14-10b,7,H05,16,4,3,3,3,8,9,75,
BB14-10b,409,19,28,15-7,yellow,19_28-Cross BB14-10b,7,A06,16,4,5,5,4.5,8,9,65,
BB14-10b,409,19,29,15-7,yellow,19_29-Cross BB14-10b,7,B06,16,4,3,4,4,8,9,70,
BB14-10b,409,19,30,15-7,yellow,19_30-Cross BB14-10b,7,C06,16,4,4,3,4,8,9,70,
BB14-10b,116,5,11,15-7,yellow,5_11-Cross BB14-10b,2,C06,16,1,3,1,.,1,.,.,
BB14-10b,116,5,12,15-7,yellow,5_12-Cross BB14-10b,2,D06,16,1,4,4,3.5,5,7,50,
BB14-10b,116,5,14,15-7,yellow,5_14-Cross BB14-10b,2,E06,16,1,3,2,2,2,5,65,
BB14-10b,116,5,16,15-7,yellow,5_16-Cross BB14-10b,2,F06,16,1,3,2,2,1,3,50,
BB14-10b,116,5,17,15-7,yellow,5_17-Cross BB14-10b,2,G06,16,1,3,4,3,2,7,.,
BB14-10b,116,5,18,15-7,yellow,5_18-Cross BB14-10b,2,H06,16,1,2,3,3,4,4,30,
BB14-10b,116,5,19,15-7,yellow,5_19-Cross BB14-10b,2,A07,16,1,3,4,3,4,9,45,
BB14-10b,116,5,20,15-7,yellow,5_20-Cross BB14-10b,2,B07,16,1,3,2,2,4,8,85,
BB14-9p,115,6,11,CT3-08,yellow,6_11-Cross BB14-9p,2,F12,15,1,4,5,4,8,9,85,
BB14-9p,115,6,12,CT3-08,yellow,6_12-Cross BB14-9p,2,E12,15,1,4,4,3,5,7,55,
BB14-9p,115,6,13,CT3-08,yellow,6_13-Cross BB14-9p,2,D12,15,1,3,5,4,4,6,75,
BB14-9p,115,6,16,CT3-08,yellow,6_16-Cross BB14-9p,2,C12,15,1,4,2,2,3,6,35,
BB14-9p,115,6,18,CT3-08,yellow,6_18-Cross BB14-9p,2,B12,15,1,3,4,3,5,4,45,
BB14-9p,115,6,19,CT3-08,yellow,6_19-Cross BB14-9p,2,A12,15,1,3,4,3,5,7,70,
BB14-9p,115,6,20,CT3-08,yellow,6_20-Cross BB14-9p,2,H11,15,1,4,2,1,3,.,.,
BB14-10b,206,6,21,15-7,yellow,6_21-Cross BB14-10b,2,G11,16,2,4,4,4,8,10,75,
BB14-10b,206,6,22,15-7,yellow,6_22-Cross BB14-10b,2,F11,16,2,4,4,4,8,10,100,
BB14-10b,206,6,23,15-7,yellow,6_23-Cross BB14-10b,2,E11,16,2,2,4,3,6,9,65,
BB14-10b,206,6,24,15-7,yellow,6_24-Cross BB14-10b,2,D11,16,2,3,5,4,6,9,85,
BB14-10b,206,6,25,15-7,yellow,6_25-Cross BB14-10b,2,C11,16,2,2,4,3,5,9,65,
BB14-10b,206,6,26,15-7,yellow,6_26-Cross BB14-10b,2,B11,16,2,.,3,2,1,7,80,
BB14-10b,206,6,27,15-7,yellow,6_27-Cross BB14-10b,2,A11,16,2,3,2,2,1,8,10,
BB14-10b,206,6,28,15-7,yellow,6_28-Cross BB14-10b,2,H10,16,2,4,5,4,7,9,95,
BB14-10b,206,6,29,15-7,yellow,6_29-Cross BB14-10b,2,G10,16,2,3,3,3,2,6,30,
BB14-10b,206,6,30,15-7,yellow,6_30-Cross BB14-10b,2,F10,16,2,3,4,3,6,8,75,
BB14-9p,115,6,14,CT3-08,yellow,na,na,na,na,na,1,.,.,.,.,.,
BB14-9p,115,6,15,CT3-08,yellow,na,na,na,na,na,.,.,.,.,.,.,
BB14-9p,115,6,17,CT3-08,yellow,na,na,na,na,na,.,.,.,.,.,.,
BB14-10b,116,5,13,15-7,yellow,na,na,na,na,na,2,.,3,.,.,.,
BB14-10b,116,5,15,15-7,yellow,na,na,na,na,na,.,.,.,.,.,.,
BB14-9p,211,10,40,CT3-08,yellow,na,na,na,na,na,3,.,.,.,.,.,
BB14-9p,312,19,13,CT3-08,yellow,na,na,na,na,na,3,.,.,.,.,.,
BB14-9p,312,19,19,CT3-08,yellow,na,na,na,na,na,3,.,.,.,.,.,